Unnamed: 0,Name,Description,Add,Tel,Website,Px,Py,LowestPrice,CeilingPrice
9,凱莎琳庭園大飯店,位於高雄市的旅館,高雄市前金區文武三街145號,886-7-2152158,nan,120.298378,22.620562,1960,2940
11,旅聚居青年旅舍,位於高雄市的旅館,高雄市新興區中山一路117號6樓,886-7-2851231,nan,120.301237,22.631603,700,2000
18,得恩谷の民宿,位於高雄市的民宿,高雄市茂林區茂林里6鄰138號,886-7-6801540,nan,120.675734,22.896991,4000,5000
26,摩天海灣商旅,＊漫遊港灣都會，尋找屬於你我的幸福覓境～＝繽紛高雄，享樂高雄＝來到高雄市，繁華的熱鬧都會，多處高樓大廈及藝術氣息的散發，更於捷運交通運輸通車後，紅與橘雙線更將多處的熱門景點作串聯，充滿多元化的旅遊型態，更成功打造，兼具人文教育的藝文結合。,高雄市前鎮區新光路21號21樓之7至12,886-7-5366227,https://www.sunshinegarden.com.tw/products-21.html,120.304611,22.611582,5500,9000
30,紙飛機青年旅館,位於高雄市的旅館,高雄市三民區博愛一路287號10樓,886-968-500985,nan,120.300873,22.649068,2000,16000
38,簡單生活商務旅館,位於高雄市的旅館,高雄市前金區中華三路189號2至7樓,886-7-2166868,nan,120.294614,22.632133,6000,7000
69,東方大旅社,位於高雄市的旅館,高雄市湖內區湖內里民生街26號,886-7-6932047,nan,120.250754,22.87841,500,500
122,鈞怡大飯店,位於高雄市的旅館,高雄市前金區河東路10號3樓,886-7-2821888,nan,120.291109,22.622156,14700,28600
163,瑞宮大飯店,位於高雄市的旅館,高雄市三民區建國二路209號,886-7-2351141,nan,120.305877,22.637469,2500,2500
232,盛薈飯店,"盛薈飯店以精緻溫馨格局、舒適整潔的空間及交通、便利優質環境、提供房客新的旅遊、出差住房據點。房間設計依專業格局規劃，浴室採用乾濕分離並配置現代化電器設備，免費寬頻網路快速資訊服務,保險箱設置帝豪飯店位於高雄後火車站，大連街(皮鞋街)、安寧街(成衣批發)、吉林街(小吃街)、六合路(夜市)均在附近，周邊機能及遊覽高雄均相當便利。距六合夜市約8分鐘車程，新堀江約10分鐘車程。城市光廊約10分鐘車程。愛河約15分鐘車程，漢神巨蛋、瑞豐夜市及高鐵約15分鐘車程。夢時代及阪急百貨約20鐘車程。旗津渡船生猛海鮮約20分鐘車程。盛薈飯店親切、用心服務的團隊，期待您的光臨！",高雄市三民區安寧街387號,886-7-9723788,https://delton-hotel.com,120.30464,22.640232,2400,6500
235,田莊民宿,位於高雄市的民宿,高雄市杉林區杉美路一段365號,886-7-6771703,nan,120.562447,23.00079,1200,2000
248,德瑞旅店,位於高雄市的旅館,高雄市左營區左營大路646號,886-7-5820135,nan,120.297661,22.691401,2800,2800
262,金石大飯店,位於高雄市的旅館,高雄市新興區明星街32號,886-7-2887171,http://www.milordhotels.com/,120.300149,22.633935,1880,6580
356,SINGLE INN單人房,位於高雄市的旅館,高雄市新興區林森一路267號地下一樓,886-7-2363256,nan,120.304775,22.636329,2040,20400
412,高雄文賓大飯店-駁二館,文賓飯店前往鹽埕埔捷運站及駁二藝術中心，僅有2分鐘的步行路程。文賓飯店提供免費的無線網絡，並設有一間餐廳，每天提供早餐。設有免費私人停車位。 酒店距離愛河、香蕉碼頭或漁人碼頭約10分鐘的步行路程，距離西子灣、打狗領事館約7分鐘的車程，前往高雄火車站有10分鐘的車程，距離高雄機場有30分鐘車程。 寬敞舒適的客房配有平面電視，並提供有淋浴設施和洗浴用品的浴室。也提供了一個電熱水壺和迷你吧。客人可以使用商務中心，或前往旅遊諮詢台安排旅遊事宜。前台提供24小時服務，行李免費寄存服務。,高雄市鹽埕區大勇路22號,886-7-5612346,http://www.wenpin.com.tw,120.282607,22.62105,7680,13000
479,扇平山莊(民宿),位於高雄市的民宿,高雄市六龜區中興里尾庄45-3號,886-7-6895882,nan,120.651847,22.970551,3000,3000
501,漢來大飯店,漢來大飯店座落於高雄繁華的商業中心，樓高186公尺，可俯瞰大高雄全景，擁有三千多件隨處可見的古董藝術珍品、540間舒適客房、13家中西餐廳及1000個停車位。距離高鐵站只要20分鐘車程；步行至捷運站也僅需15分鐘。館內除了住宿、餐飲、會議、宴客的功能之外，還結合了精品雲集的漢神百貨，並符合一次購足的便利。充滿新古典主義風格的大廳，古董藝術品遍佈全館，呈現壯麗典雅的設計風格。房內採用穩重大方的原木材質，加以現代感的簡潔線條設計與歐洲古典紋飾，呈現出尊貴優雅的氣質。打開窗簾，高雄港的美麗景緻盡收眼底，不但令人驚艷，更造就了漢來大飯店的無價！擁有540間各式的房型設計，徹底滿足各種消費層。健康客房的陽台上擺放健身器材，面對美麗的海景邊運動，讓身心都能完全放鬆。商務客房內設置事務機和無線網路，便利的服務，讓旅客不會錯過任何商機。而傢俱與家飾皆是藝術品及古董的漢來套房，猶如小型美術，各國元首、國際巨星Michel Jackson、世界男高音卡瑞拉斯及LV的全球總裁都曾下榻入住。漢來大飯店除了曾獲國內外商業雜誌評選之最佳商務飯店，也多次榮獲政府指定之國際宴客會場，更成為2008年總統就職國宴政府指定外賓住宿飯店。漢來專業的美學建築，深富國際飯店經營經驗的飯店管理，為最優雅尊榮的南台灣典藏地標，不論是響譽國際的住宿品質，名聞遐邇的各國美食料理，漢來都提供最佳品質的專業服務。,高雄市前金區成功一路266號1樓、2樓、10-13樓、15-19樓、22-42樓,886-7-2161766,http://www.grand-hilai.com,120.295946,22.619421,11319,346500
514,竹亮山莊,"竹亮山莊景觀優美，到旗山旅遊夜宿，絕對是一個極佳的選擇。竹亮山莊露營區中(大水管)大樹林立，是天然的遮陽工具；全區細心整護綠草如茵，更是住宿、露營的好環境；周邊山林生態豐富，鳥語蟲鳴此起彼落。這裡設備周全，希望提供遊客們休閒遊憩、放鬆心情的好地方,一起感受該環境之美。    竹亮山莊位於旗山與內門的交接處。距離旗山老街、高雄實踐大學 、內門紫竹寺 都很近，從北中南遠地來到高雄旅遊的遊客們，除了逛高雄市區外，還可以去義大遊樂世界、佛光山-佛陀紀念館、旗山老街與美食、美濃的紙傘、陶窯、紀念館、 花海...等，讓遊客多了一處可以遊玩的景點。    於高鐵左營站可搭客運至旗山南站(約30分鐘)，可以預約請民宿的男主人黃大哥來接送至民宿，交通上相當方便。預约電話 07-6673963; 0937311883 黃先生!",高雄市內門區竹戈寮8之3號,886-7-6673963,nan,120.451173,22.895123,3600,6500
518,大樹南瓜屋-義大別莊,位於高雄市的民宿,高雄市大樹區三和里學城路一段8巷86號,886-7-7515754,http://dashu-punkinhouse.com,120.403299,22.725427,2600,4600
534,梅蘭山莊,位於高雄市的民宿,高雄市桃源區梅蘭里南橫公路五段222號,886-7-6866039,nan,120.812616,23.240316,2000,2000
542,高雄萬豪酒店,"高雄萬豪酒店為全台最大萬豪酒店，座落於於愛河地區，鄰近凹仔底森林公園。酒店距高雄國際機場僅25分鐘車程，距高鐵站15分鐘，距捷運凹仔底站步行5分鐘，交通便利性極佳。酒店會議及宴會空間分佈於 8 樓、10 樓及 11 樓，總面積達2,518 坪，稱霸南台灣；面積最大的萬享大宴會廳空間挑高、氣派華麗，面積約 847 坪可容納約 2,000 人；首創兩座戶外禮堂，滿足不同場合及宴會型態。從13到33樓共700間客房，12種不同房型，設計經典兼具現代風格〪12 樓健身中心設有室內溫水游泳池、水療池以及維琪浴，幫助紓壓煥發身心。酒店提供多樣精緻美食，包括歐陸餐廳、頂級中、西、日式佳餚美饌，為賓客締造賓至如歸奢華體驗。",高雄市鼓山區龍德新路222號,886-7-5599111,https://www.marriott.com/hotels/travel/khhmc-kaohsiung-marriott-hotel/,120.306288,22.654565,15000,250000
578,碧宮旅社,位於高雄市南橫公路上的甲仙市區旅館(住宿旅社、甲仙住宿、南橫住宿)，價格平價合理、安全、舒適。,高雄市甲仙區東安里文化南路18號,886-7-6751229,nan,120.589684,23.081859,1000,3500
584,旅港汽車旅館,※本館外觀低調簡約風格~旅港在高雄市小港區宏平路93號，我們離小港國際機場、捷運站很近只要三分鐘，去國道中山高速公路（北上交流道起點）和88快速道路（東、西向鳳山交流道）也只要十分鐘，要去台鐵高雄火車站僅需二十分鐘，要是要去東港、恆春、墾丁、台東、鳳山從我們這出發也很方便唷~!!(以上是車程哈哈哈)對了!我們離國立高雄餐旅大學也超級~近的拉!!!大約1.2公里的距離，開車騎車5分鐘!外地的爸爸媽媽來看小孩陪小孩絕對是第一住宿首選啦!旅港全棟花費數千萬裝潢設計３４間棒棒的客房，裡面有政府法令規章標準的不燃防火建材完整裝潢（大約是下面這些東西:客房厚實防火防爆安全門、客房防火窗捲簾、客房防火木質全裝潢、客房天花板防火矽酸鈣板全裝潢、防火認證標章壁紙裝潢、泥做大理石含安全扶手階梯、客房與浴室磁磚石材地板專業防滑處理........還有很多不囉嗦了)房間有43型LED液晶電視、HOD網路電視頻道與藍光隨選電影系統、Wi-Fi無線上網，然後加大的高高高高高級床組Q彈好睡!!!因為我們很認真的檢視法規，所以得到高雄市政府觀光局認證的合法汽車旅館營業執照。高雄市政府觀光局核定旅館編號第526號為了保障您的隱私和安全，「全頻反針孔偵測器」，24小時全天候監控。我們附近有什麼~~大魯閣草衙道 夢時代購物中心、統一時代百貨公司 MLD台旅生活廣場 時空之城3D空中彩繪（詩舒曼蠶絲文化園區） 大坪頂熱帶植物園 紅毛港文化園區 旗津 ※本館無供應早餐※以上簡單介紹，期待大家來訪唷~~!!,高雄市小港區宏平路93號,886-7-8063880,nan,120.36376,22.571202,1280,4800
596,歌德商旅,位於高雄市的旅館,高雄市苓雅區建國一路57號(1-7F)、55號(5-7F),886-7-7498666,nan,120.338983,22.62959,2750,3630
639,冒煙的喬就是公寓旅店,「就是公寓」以美式復古為基底，結合現代工業風與森林意象的創意混搭、繁複又摩登的裝設擺飾，透露出不羈的自由奔放，引領住客進入充滿趣致與冒險的專屬空間，激發旅遊的靈感與滿載享樂的回憶！ 步入挑高設計的大廳，地中海花磚鋪陳出一片浪漫悠閒，而南部特有的熱情陽光透過落地窗，讓整體環境洋溢如南歐的時尚渡假氛圍；大廳一側另設有小型餐廳，提供住客早餐服務以及輕食咖啡吧。,高雄市鹽埕區五福四路91號2至5樓,886-7-5210987,http://www.smokeyjoes-hotel.com.tw/yancheng/,120.285661,22.622343,5000,10000
694,和樂花園旅店,位於高雄市的旅館,高雄市前金區榮安街35號1-7樓,886-7-2825888,nan,120.293845,22.63104,1760,5000
797,高第大飯店,高第商旅最溫馨舒適的優雅空間，是您高貴不貴的最佳選擇。從高速公路南下中正交流道高第商旅之霓虹招牌即刻映入眼簾，南下之國光號，統聯等客運之停靠第一站.捷運O9中正技擊館站一號出口即是高第商旅，為到高雄旅遊出差洽商之賓客提供最直接，最迅速的投宿地點．【高第商旅小檔案】．高第商旅民國88年正式對外營業．高第商旅備有室外特約停車場．高第商旅有商務中心可提供免費上網服務．高第商旅全館提供50M寬頻上網服務．高第商旅未提供接送服務(有叫計程車服務)．高第商旅提供免費腳踏車使用．高第商旅提供免費洗衣機使用．高第商旅提供免費報章雜誌刊閱,高雄市苓雅區建民路37號,886-7-7119061,nan,120.332979,22.628559,1580,2200
806,單人房 SINGLE INN-站前館,★★★本館位於捷運 高雄火車站 與 美麗島站 之間，交通極為便利，是旅客住宿高雄最佳選擇★★★● 本館備有多項優惠專案，提供您需求的選擇。● 全館免費Wifi供住客使用● 距高雄火車站、高雄捷運站、客運站 步行僅3-5分鐘!● 六合夜市(美麗島站旁) 步行5-7分鐘即可抵達!● 瑞豐夜市 捷運可搭至巨蛋站(1號出口)；自行開車車程僅10分鐘!● 新崛江、城市光廊 捷運搭至中央公園站；開車車程5分鐘!● 愛河 車程僅6分鐘● 西子灣渡輪站(可搭渡輪至旗津) 捷運搭至西子灣站(1號出口)步行5分鐘；開車車程15分鐘內★★★全新裝潢 精品系列 房型特惠中，歡迎各旅遊團體訂購★★★★歡迎學生競賽團體與各大專院校旅遊訂房，另有特惠優待！【含稅及早餐】●本館大廳備有免費置物櫃供提早抵達客人寄放行李。●本飯店為國民旅遊卡特約商店。●本飯店可使用銀聯卡,高雄市新興區八德一路392號,886-7-2363256,http://www.singleinn.com.tw/,120.302602,22.636031,4300,4480
807,河堤戀館汽車旅館,"※房價已含營業稅及服務費，並免費提供精緻美味的早餐。※為了保證您的訂房需收取訂金，訂金為單筆訂房總房價之30%。國外訂房僅接受信用卡支付訂金（無接受國外匯款）；國內訂房接受信用卡、ATM轉帳、匯款等方式支付訂金，入住時您可以使用信用卡（VISA, MasterCard, American Express, JCB, 銀聯卡）或現金支付餘額。※住宿/退房時間：下午三時/中午十二時，您可以寄放行李於大廳。※房價若有變動恕不另行通知。※全館全面禁煙。※全館房型皆不提供指定，僅有部分房型為彩繪房，如有任何需求請提前告知服務人員並記錄於訂單中，房間安排仍是以入住當天狀況安排，恕無法保證。※禁止攜帶寵物入住。※交通部99年1月13日交路字第0990000402號函頒，旅客完成訂房並支付訂金後，亦可取消訂房，但應負擔下列費用：1. 旅客於入住日期前14日取消訂房時，將不收取取消訂房手續費。2. 旅客於入住日期前10至13日取消訂房時，應負擔訂金之30%為訂房取消費用。3. 旅客於入住日期前7至9日取消訂房時，應負擔訂金之50%為訂房取消費用。4. 旅客於入住日期前4至6日取消訂房時，應負擔訂金之60%為訂房取消費用。5. 旅客於入住日期前2至3日取消訂房時，應負擔訂金之70%為訂房取消費用。6. 旅客於入住日期前1日取消訂房時，應負擔訂金之80%為訂房取消費用。7. 旅客於入住日期當天取消訂房或怠於通知者，應負擔訂金之100%為訂房取消費用。",高雄市苓雅區憲政路128號,886-7-2233288,nan,120.324354,22.635922,5200,7800
910,蚵寮商務旅館,位於高雄市的旅館,高雄市梓官區中正五街22-1號3樓,886-7-6176565,nan,120.256171,22.72827,1200,1200
930,代迪賓館,位於高雄市的旅館,高雄市橋頭區橋頭里成功路57號8-11樓,886-7-6110268,nan,120.309228,22.760056,2500,2500
932,好地方旅居文旅,高雄原名打狗，於日治時期正式更名高雄，高雄港為世界第13大港口，交通位置優越運輸往來繁盛，隨周邊重點建設得發展，高雄正快速蛻變為亞熱帶地區最為便利之魅力海洋城市。　　旅居文旅-高雄館位於高雄海陸空交通樞紐與最繁華具發展力的三多商圈，鄰近小港國際機場、高雄國際商港、高雄捷運站，與6大百貨、3大影城、高雄地標85大樓、高雄展覽館、愛河等比鄰而居。　　Hub Hotel是您旅途中最舒適溫暖的家，為您營造一個享受心靈自由的好地方。　　我們很高興與您成為一家人，伴您渡過愉快的旅程，我們期盼走到每一處，處處都是好地方。,高雄市苓雅區三多四路63號11樓之1,886-7-2692626,https://www.hubhotel.com.tw/kaohsiung/,120.301666,22.612902,5000,8400
978,梅山口民宿,位於高雄市的民宿,高雄市桃源區梅山里3鄰梅山巷71號,886-7-6866117,nan,120.826094,23.264288,2800,3000
1044,旗山麗景民宿,位於高雄市的民宿,高雄市旗山區旗屏路600號,886-7-6612232,nan,120.471779,22.860066,1200,1200
1124,和源大旅社,位於高雄市的旅館,高雄市岡山區岡山路390號,886-7-6217143,nan,120.295852,22.794804,800,1500
1126,麗馨麗登精品商旅,位於高雄市的旅館,高雄市鳳山區曹公路77號,886-7-7462128,nan,120.357087,22.629618,4300,4300
1184,城市商旅美麗島館,"我們以一種不經意的明豔, 安靜地坐落在新崛江人氣商圈的一角. 倚著優雅的中央公園捷運站, 穿過一片林蔭大道後, 映入您視線的是一棟清透基調中凸顯著多元創意的建築.我們選擇以白色的基底點綴上青春的色彩, 透過數十位來自世界各地的藝術創作者的創意, 超越語言與國界, 無邊際的想像力已被翻譯成精彩的畫面, 渲染著青春的魅力!這些幽默詼諧的創意以清新的氣質帶入旅店的每一個角落, 期待您在旅店內的每個轉角都能會心一笑, 是創意, 是藝術, 也是種生活品味.",高雄市新興區民生一路328號1-7樓,886-7-2519888,http://www.citysuites.com.tw,120.304536,22.627638,12600,16800
1229,森美堡休閒汽車旅館,位於高雄市的旅館,高雄市旗山區花旗二路2號,886-7-6616656,nan,120.466844,22.880983,2930,2930
1236,世紀旅店,位於高雄市的旅館,高雄市苓雅區苓雅二路85-5號,886-7-3310111,nan,120.299714,22.617393,2200,3500
1240,御宿汽車旅館民族館,每一間房間的規劃我們有最專業的設計，每一個空間的環境我們有最乾淨的把關，每一個顧客的感受都是我們最在乎的VIP。御宿細節的用心、時尚的品味，以及超越傳統的奢華美感，給最尊貴的您最大的貼心服務，御宿精品Motel，讓您帶著愉悅的心情，輕輕鬆鬆渡假。,高雄市三民區堯山街51號1-2樓,886-7-3868988,nan,120.31619,22.64163,15000,15000
1250,藍色海岸賓館,高雄藍色海岸設計風格採用大膽的色彩去引領住客感受 海洋特有的休閒氣息。 進到大廳您會有仿佛身為船長行駛在海上悠游的感覺。全館色調則以 桃紅色象徵熱情─浪漫、藍色象徵碧海─藍天、黃色象徵陽光─朝氣、綠色象徵自然─清新作為詮釋，而不再用多餘的裝飾去點綴。藍色海岸特色在高雄市前鎮區廣西路、有自有停車場(採先到先停、恕不提供停車位預約),高雄市前鎮區廣西路398號,886-7-3383501,nan,120.311024,22.615077,2200,8300
1271,陽光大飯店中華館,陽光大飯店創立於1995年，隆重開幕於中華四路上，結合優雅的中式古典，全館以名貴花梨木傢俱融合雅緻的東方文華精萃，匠心獨具以獨有的中華文化融入創新的當代設計，是您不可錯過體驗的東方美學深度之旅，給顧客每一次的住宿，都像一種品味……陽光大飯店座落於高雄市中心，位居中華路金融商圈與三多商圈之精華地段，與85大樓比鄰而居，緊鄰高雄軟體科學園區與高雄加工出口區，距高雄車站及小港國際機場僅十分鐘車程，離大魯閣草衙道和夢時代等熱門購物中心車程約十分鐘，鄰近高雄捷運紅線三多商圈站，步行僅需五分鐘是洽商出差與渡假觀光的最佳地理位置。陽光大飯店不斷追求創新與優質服務，於2011年擴大營運，為具備五星級設備水準之精緻飯店，全館擁有150間舒適豪華客房，3個中西式餐廳及日式餐廳、功能完備之專業會議室場地、專業健身中心……等多樣休閒設施，充分滿足顧客多樣需求。全體員工秉持「創新服務，以客為尊」之服務理念，提供顧客最賓至如歸的尊榮享受。陽光大飯店薈萃東方文化的典藏風華，散發高雄海港城市的活力，以精緻的品味、貼心的服務，成為造訪高雄最佳的選擇!誠如飯店所名，陽光歡迎您的蒞臨………,"高雄市苓雅區中華四路75號1,3-12樓",886-7-3327988,http://www.hotelsunshine.com.tw,120.301415,22.614514,8300,15600
1272,大通大飯店,位於高雄市的旅館,高雄市新興區大同一路205號1-11樓,886-7-2151686,nan,120.300164,22.628526,5800,5800
1385,晶晶假期商務旅館,本飯店坐落於高雄火車站商圈內，新興區忠孝一路上，離著名觀光景點六合夜市十分鄰近，步行2個路口即可到達，距離高雄火車站、高雄車站捷運站及美麗島捷運站，步行路程僅需15分鐘，距高鐵左營站及小港國際機場也僅需20分鐘車程。附近環境相當熱鬧，交通也十分便利，是一間來高雄出差、住宿旅遊的絕佳選擇。,高雄市新興區忠孝一路482號,886-7-2355555,nan,120.306526,22.635251,5000,5000
1443,帝王大飯店,位於高雄市的旅館,高雄市前金區中華三路17號,886-7-2612197,nan,120.297976,22.62331,3600,6800
1466,芝豐大飯店,位於高雄市的旅館,"高雄市三民區河北二路25號1,3至9樓",886-7-2858161,nan,120.300883,22.636927,5600,11000
1531,春天藝術飯店,春天藝術飯店本館位於高雄市鳳山區，臨近衛武營公園、鳳山體育館、中正預校與陸軍官校、距離高速公路交流道只須５分鐘車程；火車站、客運站、高雄國際機場與高雄市中心只有１０分鐘車程、而且開車至有號稱高雄國際觀光六合夜市的鳳山青年觀光夜市也只須１０分鐘車程。附近環境相當熱鬧且交通便利，是一個來高雄出差、自由行旅遊、住宿的絕佳選擇。春天藝術飯店館內附設高級餐廳並提供免費的中西式自助早餐，房間內支援無線上網，讓您於洽公在外時能時刻掌握商機；春天藝術飯店並設有旅遊商務中心、運動休閒區、會議室，讓您於住宿本飯店時能拋開世俗的煩惱，帶著愉快的心情回家。,高雄市鳳山區五甲一路364號1-7樓,886-7-7631027,http://www.spart-hotel.com.tw,120.350787,22.612757,3000,7000
1557,日光花園商務飯店,從河海交界處前往城市的民生路上，您會發現高雄有著得天獨厚的海天風光及輕鬆步調的人文。您會發現擁有小日子的旅行方式其實很簡單。清晨，迎向日光，造訪花園，城市中穿梭尋寶。午後，點杯美式咖啡，與我們共好浪漫下午茶。夜深，暖被床鋪，留戀夜色，靜靚一夜好眠。在這裡，片刻就是永恆，日光花園商務飯店幫您深刻旅行的記憶。,高雄市新興區民生一路77號1至7樓,886-7-2229898,http://www.sunhotel77.com.tw,120.31217,22.62785,7700,9900
1572,歐閣精品汽車旅館-鳳山館,位於高雄市的旅館,高雄市鳳山區過埤路127號,886-7-7923992,nan,120.364785,22.589493,1700,5800
1581,天安大飯店,位於高雄市的旅館,高雄市三民區博愛一路1號4樓,886-7-3122131,nan,120.302698,22.64148,700,1000
1595,愛迪亞旅社,位於高雄市的旅館,高雄市前金區新盛一街53號之1至之3,886-7-2864343,nan,120.295969,22.631711,3000,3000
1603,愛河日央,日央商旅位於高雄市鹽埕區的黃金地段，距離高雄市立歷史博物館 800 公尺，距離駁二藝術特區 1.5 公里，距離真愛碼頭 1.9 公里。此住宿距離六合觀光夜市約 1.9 公里，距離高雄市立美術館 3.4 公里，距離國立科學工藝博物館 5 公里。住宿設有溫泉浴池、免費 WiFi 和家庭房。飯店的每間客房均配有私人衛浴。日央商旅的住客可以享用自助式早餐。此 2 星級住宿設有熱水按摩池和陽光露台。日央商旅可提供自行車租賃和租車服務，所在地區為健行和騎自行車的熱門地點。此飯店距離旗津輪渡站 19 公里。最近的機場是高雄國際機場，距離 11 公里。情侶特別喜歡這個位置－並給他們的雙人旅行住宿體驗 8.5 分,高雄市鹽埕區七賢二路423號3樓-1、4樓-1,886-963-147586,nan,120.285715,22.629705,4000,7000
1711,美綠民宿,位於高雄市的民宿,高雄市美濃區獅山里竹門14-2號,886-7-6851111,nan,120.581737,22.868734,1500,1800
1739,賀凱大旅社,位於高雄市的旅館,高雄市林園區東林里林園北路70巷3號,886-7-6412824,nan,120.395911,22.505103,1000,1800
1757,六合大旅社二館,六合日麗 Sunnyside Hotel，位在高雄市六合觀光夜市上，「極簡唯美、鬧中取靜」的綠色旅店。乾淨、舒適、自在的空間，沒有過多的裝飾，只有剛剛好的享受。其實，旅行中的「住」，可以「住得很簡單。」,高雄市新興區六合二路28號1-5樓,886-7-2867161,http://www.sunnysidehotel.com.tw,120.300964,22.632863,6000,10000
1782,福容大飯店 高雄,福容大飯店高雄位於鹽埕區五福四路、大成街口，地理環境極佳且交通便利。緊鄰知名景點愛河旁，定位為國際觀光飯店，提供250間客房，設施包括游泳池、三溫暖、健身中心等，並提供全館WIFI無線上網服務，備極貼心；專為頂級消費者設計的尊榮樓層，提供氣派奢華的舒適環境，從制高點一覽海洋之都，凡塵喧囂瞬間落盡，是專屬的私密景點，輕啜著一杯紅酒，一天奔波幻化為心中的滿足。周邊景點多元，潺潺清流的愛河，多元的休閒藝文活動，值得在此度過悠閒時光；氛圍優雅的和平公園，吸引雙雙儷人來此拍攝婚紗；如意橋在夜裡恍若發著光的河流，浪漫美麗。真愛碼頭以雙座風帆的特殊造型，分別對著高雄市區及旗津渡輪碼頭，來到福容可欣賞高雄摩天大樓林立的現代都市風貌，也可眺望高雄海港體驗大船入港的震撼，白天、夜晚各具不同的風貌。,高雄市鹽埕區高雄市鹽埕區五福四路45號,886-7-5511188,http://www.fullon-hotels.com.tw/kh/,120.287711,22.621363,8000,60800
1837,寒軒國際大飯店,寒軒國際大飯店矗立於高雄市政府對面，四維林蔭大道上，是南台灣最具規模的五星觀光飯店。42樓美觀建築設計、挑高明亮的景觀玻璃，風格獨具。完善硬體設備與無微不至的溫馨服務，滿足商務人士及渡假旅客的多重需求。　　寒軒國際大飯店擁有311 間設計一流的典雅客房與套房，所有房間均大面採光，景觀視野極佳，能將高雄全景一覽無遺， 美食餐廳提供中外美食，另有大型宴會廳及典雅貴賓包廂，位居交通四通八達的市中心，機場、購物、娛樂、古蹟名勝近在比鄰，是您在南台灣最舒適便利的家。,高雄市苓雅區四維三路33號,886-7-3322000,http://www.han-hsien.com.tw,120.310878,22.619163,6600,120000
1838,旗山三合院民宿,旗山三合院民宿是棟很有特色的古早鄉村三合院建築，位於高雄市旗山區廣福里中興街6號，旗山位居高雄縣中央，歷來為旗山區九鄉鎮對外的交通樞紐，自行開車走高速公路往旗山十分方便，行經中山高速公路，可在楠梓交流道下，接旗楠公路直達旗山；或於中山高速公路接國道十號東向行駛，到國道底右轉往里港方向路上有民宿指標。本提供度假休閒小憩，讓人們暫時遠離都市喧囂，擁抱大自然享受安靜休閒愜意生活，民宿四周種有許多花花草草供欣賞，還有開心農場(真實版)體驗農村生活，由老闆娘教你種蔬菜、水果...，適合全家大小休閒的好地方，可以攜帶寵物住宿，晚間可在河堤散步看夕陽、並設有烤肉、露營、還設有卡拉OK，還要嚐嚐老闆娘做的平價料理。《攜帶寵物、請事先以電話通知》。本店提供免費早餐給住宿客，西式(麵包、咖啡)、中式(稀飯)，吃素食請提早告知。另外 午晚餐可供點餐，須另付伙食費，另外有其它詳細菜單、飲料、菸酒...#泡茶(每組茶具500元、含茶具、茶葉、茶水)、簡易型泡茶 150元，另售茶葉1包500元。#免費提供烤肉場地及烤肉架，另外食材、木炭(請自備)需要店家準備烤肉食材請先預約，10人份1500元～2500元。,高雄市旗山區廣福里中興街6號,886-7-6614318,nan,120.487795,22.84713,3600,4800
1846,麗登精品汽車旅館,位於高雄市的旅館,高雄市鳳山區保安1街3號,886-7-7963999,nan,120.339515,22.594508,8600,8600
1918,高芳大旅社,成立於民國77年的旅館，在民國100年時翻修到如今，使高芳大旅社擁有新的風貌，新的氣息。傳承阿公的心血，帶著最溫暖的服務，致，每一位。,高雄市前鎮區瑞和街272號,886-7-7615171,http://maybenas.myds.me/HFun/,120.326107,22.60535,3000,3000
1949,巴中聖淘沙旅館,"位於高雄市鹽埕區七賢二路423號11樓的旅館,旅館出門就是愛河景區,旅館步行10分鐘有-鹽埕埔站可搭乘捷運,旅館周邊除愛河景區外,鄰近有駮二/壽山/西子灣旅遊景區,環境清幽價錢實惠.",高雄市鹽埕區七賢二路423號10樓之1、2，11樓、12樓,886-7-5335158,nan,120.28561,22.629572,4800,7300
2021,宮賞藝術大飯店,宮賞藝術大飯店座落於高雄林森一路與七賢路交叉精華地段，是一優質的六♥級藝術設計飯店，延伸「南高雄人文藝術文化」之概念並添加許多設計元素，期許各位旅客至本飯店都能體驗南高雄人的熱情及藝術文化。藝術、設計－無邊界之分，南部文化卻有種讓人說不出的懷念及復古之意境；近年來，南高雄的文化發展迅速，交通便捷，衍然已吸引許多外籍觀光客停留腳步、瞭解南台灣的人文特色及藝術發展，更讓多年出外打拼後回鄉的在地人，有著對家鄉不同的新詮釋。宮賞藝術大飯店想帶給旅人的感受，就像您選擇此行一樣，有著對家鄉的思念、有著特殊的藝術文化、以南台灣的特色為基礎，向國際腳步展露觸角，與全球接軌，這就是蛻變後的寶島，我們的南台灣－高雄，也正是宮賞藝術大飯店最深層的經營理念。,高雄市新興區林森一路237號,886-7-2399888,nan,120.304938,22.633945,4000,22000
2037,同居,我們保留台灣老建築特色，並翻修重新活化讓老房子以新的面貌重新活絡起來讓來自世界各地的旅人，在此時此刻，同一個時空背景，穿梭在新舊交替之中，同・居 台式老宅，回味・老時光～,高雄市新興區文橫一路5巷28號,886-7-2410321,http://withinnhostel.com/,120.302237,22.624505,4200,5040
2044,道時尚悠然山莊,位於高雄市的民宿,高雄市六龜區新發里和平路130-5號,886-7-6791003,nan,120.662653,23.034704,1200,1800
2055,康橋商旅-五甲店,位於高雄市的旅館,"高雄市鳳山區福德街143巷20號4-9樓,22號1-3樓",886-7-8122840,nan,120.326927,22.590039,4620,8580
2079,高雄旅居文旅七賢館,旅居文旅 七賢館座落於高雄市中心的七賢二路，離高雄火車站10分鐘車程、美麗島捷運站僅10分內的步程，緊鄰六合觀光夜市、愛河藝文區、百貨商圈與觀光名勝。酒店提供入住貴賓，中西自助式早餐、迎賓飲品及淋淇淋，各項貼心服務及旅遊行程諮詢，串連便捷的捷運交通及貼心完善的商務設備，是您來高雄地區觀光旅遊、商務洽公的最佳選擇。,高雄市前金區七賢二路178號,886-7-2858277,https://kaohsiung3.hubhotel.com.tw/,120.295648,22.633355,6000,9000
2108,六合大旅社,六合日麗 Sunnyside Hotel，位在高雄市六合觀光夜市上，「極簡唯美、鬧中取靜」的綠色旅店。乾淨、舒適、自在的空間，沒有過多的裝飾，只有剛剛好的享受。其實，旅行中的「住」，可以「住得很簡單。」,高雄市新興區六合二路30號,886-7-2867161,nan,120.300919,22.63282,3000,4200
2136,康橋商旅-六合夜市七賢館,"康橋商旅-六合夜市七賢館於2011年新開幕,觀光局頒發之星級旅館『三星級旅館』，三鐵共構交通便利，舒適安全，價格平實。康橋商旅長期以穩定優良的服務品質為經營理念，提供旅客及出差客更多乾淨舒適的住宿環境。本館鄰近高雄火車站商圈，交通快速便捷，館內乾淨安全，並提供營養豐盛的早餐以及體貼細緻的服務，康橋誠摯期待您的光臨。",高雄市新興區同愛街28號1樓、30號,886-7-2885588,nan,120.300607,22.63556,8556,12834
2171,雄旺237旅館,237 旅店位於高雄市鹽埕區，待客溫暖親切，並設有獨立空調客房和 24 小時櫃台。旅館於入住和退房時提供往返高雄火車站、捷運美麗島站（2 號出口）和捷運鹽埕埔站（4 號出口）的免費接駁服務。所有客房均設有平面有線電視和私人衛浴。此外也提供免費盥洗用品和拖鞋。為提供便利的住宿體驗，旅館提供免費行李寄存服務入住期間可使用自行車（須預約）。旅館距離愛河步行 2 分鐘，距離六合觀光夜市、玫瑰聖母聖殿主教座堂、舊打狗驛故事館、哈瑪星鐵道文化園區和駁二藝術特區皆為 7 分鐘車程，距離高雄市立歷史博物館步行 8 分鐘，距離高雄市壽山動物園、壽山情人觀景台、鼓山渡輪站和西子灣風景區皆為 10 分鐘車程。,高雄市鹽埕區七賢三路229號1至3樓,886-7-5218237,https://www.facebook.com/Hotel237/,120.281747,22.629478,3500,8000
2239,慕夏Motel,慕夏位於南下中正交流道與正言路口.五塊厝捷運站六號出口.一間隱藏在繁華高雄都市中的渡假天堂.名師精心設計24間風格獨特迴異的特色客房.建築工法細膩.建材講究.全館採用峇里島純手工傢俱.讓您部用出國就能親身體驗峇里島的慵懶氛圍,高雄市苓雅區身修路2號,886-7-7171668,nan,120.328965,22.63002,2800,8800
2260,高雄福華大飯店,"座落於高雄市七賢一路與復興路口金融財經商圈的五星級國際觀光大飯店~30層樓高設計，可俯瞰大高雄全景，臨近市區商業中心、火車站、美麗島捷運站及信義國小捷運站、高速公路，交通便利，機場、高鐵站亦只是二十分鐘車程，至高雄著名觀光景點，如愛河、六合夜市..等，僅需數分車程，讓來高雄洽公、觀光的客人享盡地利之便。館內擁有溫馨典雅客房、尊爵商務中心、中外美饌餐廳酒吧、多功能宴會廳及專業會議室、國際名品專櫃街、隨處可見的版畫,藝術精品..等，結合美食、休閒、娛樂、藝術等功能的商務觀光飯店，更是商務人士與觀光旅客下榻的城市渡假天堂。  溫馨典雅豪華客房高雄福華大飯店提供精緻典雅客房，也有為行動不方便的客人所設置之無障礙客房，為滿足不同旅客的需求，更精心規劃設計商務樓層，旅客可針對自己的需求預先做訂房選擇。 典雅客房位於11樓至29樓間，所有客房空間寬敞，均搭配尊貴傢俱與藝術精品。南台灣美食之最   盡在高雄福華   高雄福華飯店有中西式美饌餐廳、酒吧，提供各式佳餚，滿足色香味俱全的最佳享受。以西式套餐與午茶著稱的麗香苑，廣式點心的珍珠坊，以及高雅道地江浙料理的江南春..等，皆讓前來高雄福華的賓客回味無窮。",高雄市新興區七賢一路311號,886-7-2362323,https://www.howard-hotels.com.tw/zh_TW/HotelBusiness/136,120.30819,22.634004,8000,50000
2269,龍陽旅舘,位於高雄市的旅館,高雄市楠梓區楠都東街116號1-7樓,886-7-3512633,nan,120.325715,22.724725,900,1000
2310,鶴宮寓,「鶴宮寓 HOK HOUSE」的前身是「鶴宮大旅社The Crane Palace Hotel」。1960年代，它是台灣少數擁有現代設備的旅館。經營者後來移民美國，1996年歇業成為火鍋店。2016年因緣際會下發現這幢美麗的房子。我們順著它的氣質，改建了內部，在「鶴宮」後頭加一個「寓」字。希望它能成為一部時光機，讓旅人安心的待上一陣時日後，稍稍喚起大港埔（美麗島）那段有點浪漫、荒唐妄想、生猛朝氣的過往。,高雄市新興區中正四路41號2~4樓,886-7-2011988,https://hokhouse.com/,120.300394,22.630764,550,12000
2335,好地方大飯店三多館,位於高雄市的旅館,高雄市苓雅區三多四路63號16樓之1,886-7-3320002,nan,120.301666,22.612903,8000,10000
2343,長興旅社,位於高雄市的旅館,高雄市湖內區中正路二段551號,886-7-6900729,nan,120.197508,22.910849,300,560
2398,嵩大大飯店,固興飯店座落於高雄市最繁華商業中心，徒步至火車站、捷運站或六合觀光夜市僅需10分鐘腳程，雖然位於交通樞鈕，然而憑藉緊鄰高雄中學之優勢，亦猶如隱身城市中之叢林一般，得以避開喧囂煩塵，營造出舒適、寧靜悠活享受放鬆休憩的絕佳環境。此外，本店嘉賓專屬佔地數百坪免費停車場，讓您停車無負擔免煩惱，真正感受休閒與便利兼具的完美結合。誠摯邀請您蒞臨共賞高雄之美。飯店電話：07-2883041飯店地址：高雄市三民區南台路197號入住時間：15:00之後退房時間：12:00之前,高雄市三民區建東里南台路197號3-8樓,886-7-2883041,nan,120.29783,22.637345,900,4980
2417,金堡旅店,位於高雄市的旅館,高雄市三民區港東里南華路224號1-6樓,886-7-2356677,nan,120.303275,22.636908,5000,9000
2442,新棋大旅社,位於高雄市的旅館,高雄市鳳山區錦田路226號,886-7-8217407,nan,120.331295,22.595137,600,600
2467,艾旅汽車旅館,位於高雄市的旅館,高雄市鳳山區鳳東路165號,886-7-7013030,nan,120.378163,22.625894,2800,2800
2469,天藝商旅,位於高雄市的旅館,高雄市前金區六合二路149號1樓 147號3至11樓,886-7-2869008,https://www.skyonehoteltw.com/,120.295571,22.63089,1500,12000
2495,藏玉精品旅館,位於高雄市的旅館,高雄市岡山區中山北路202號,886-7-6229999,http://www.royalsecretmotel.com.tw,120.296165,22.798782,7560,7560
2510,儂來旅館,位於高雄市的旅館,高雄市新興區林森一路267號3樓,886-7-2364747,nan,120.304984,22.636274,800,6000
2511,捷絲旅高雄站前館,位於高雄市的旅館,高雄市新興區中山一路280號,886-7-9733588,http://www.justsleep.com.tw,120.302551,22.635456,2680,16900
2564,楓墅汽車商務旅館,位於高雄市的旅館,高雄市岡山區本洲里本工三路1號,886-7-6242255,nan,120.275153,22.809211,480,1800
2571,風車時尚汽車旅店,位於高雄市的旅館,高雄市三民區民禮路50號,886-7-3863009,nan,120.343911,22.639579,3000,3000
2605,菸城民宿,揉合了過去的美濃曾經菸田處處，於是讓人有著極為深刻的菸葉小城印象，菸城民宿呈獻給每位旅人的，是美濃小鎮的寬廣與溫暖。菸城的一角一隅皆出自民宿主人的創意與設計。從一入門的花草樹木，到中庭的遼闊綠原，都是為了能讓前往住宿的遊客放下心頭的壓力與肩上的重擔，透過白天的青空萬里與夜晚的星光熠熠得以紓緩情緒，而這些閃入眼裡的，都是菸城的用心。,高雄市美濃區中華路7巷17號,886-7-6851110,nan,120.561388,22.880228,2800,2800
2626,塔木德酒店Classic-高雄愛河館,飯店簡介      高雄西子灣大飯店愛河館，位於景色優美、充滿浪漫氛圍的愛河周邊，鄰近各大百貨公司，兼具購物與休閒的機能，客房皆設有液晶電視、自動空調控温裝置、免費寛頻上網，部份房型設有按摩浴缸，消除您一天的疲憊，大廳亦設有免費上網區，滿足您全方位的需求。客房舒適寛敞，擁有全新的設備，是您的最佳選擇。,高雄市前金區大同二路23號,886-7-2013456,http://www.westbay888.com.tw/,120.295504,22.627004,7500,25000
2629,美興大旅社,位於高雄市的旅館,高雄市美濃區中山路一段49號,886-7-6812102,nan,120.540203,22.901451,400,700
2659,奇異果快捷旅店 高雄九如店,民國103年5月開幕，全館以永遠不退流行的黑、灰二種顏色作為基調，搭配原木、石材、文化石，烤漆鐵件，讓每個空間豐富了人文氣息。適當的運用灰鏡作為材質的搭配及空間的延伸，營造出處處有景、景中有景的氛圍，讓旅客體會在奇異果快捷旅店中不一樣的小確幸。舒適的住宿環境　用心服務與旅客互動低垂吊燈透著微光溫暖，現代簡約客房間，盡備旅人出門在外的必須品，倚窗閒眺港都城市美景，旅途中與KIWI交會間，釋放疲憊與壓力，晨曦迎光間，啟動今日美好的旅程。,高雄市三民區九如一路790號,886-7-9560604,nan,120.32046,22.640004,5500,8500
2677,草地人民宿,草地人民宿位於六龜區新開，這裡的環境得天獨厚，除了住宿、泡湯、露營之外、還有很多您我想像不到的祕境值得去探險，歡迎您的到來唷！ 民宿房間乾淨舒適，在房間裡的湯屋不但可以安心的泡湯還能一邊欣賞山邊美景，如果是和家人朋友一起來也可以選擇戶外的SPA池泡湯或游泳，累了....還能躺在泳池邊的躺椅小憩，白天可以享受日光浴，看著白雲蒼狗，完全放空，夜晚可以就著徐徐清風，聽著蛙鳴蟲聲，看著滿天星斗,高雄市六龜區新發里新開路33-1號,886-7-6791992,nan,120.677304,23.056528,6000,6000
2684,光華大旅社,位於高雄市的旅館,高雄市岡山區嘉新西路75號,886-7-6217635,nan,120.293071,22.802037,1200,1600
2685,新光商務旅館,位於高雄市的旅館,高雄市路竹區文化路157號4樓,886-7-6076777,nan,120.256399,22.858471,1300,1300
2687,桂林民宿,位於高雄市的民宿,高雄市美濃區廣林里16鄰朝元159-6號,886-7-6810172,nan,120.585167,22.942322,2000,3000
2726,酷旅樹屋旅店,位於高雄市的旅館,高雄市前金區六合二路132號3至5樓,886-7-2878800,http://www.designhotels.com.tw,120.296066,22.631094,5500,12500
2739,馨悅旅館,位於高雄市的旅館,高雄市前金區五福三路61號6樓之2,886-7-2012233,nan,120.297077,22.621619,1200,2200
2755,哈瑪之星,位於高雄市的民宿,高雄市鼓山區長安街2號,886-7-5336066,nan,120.270178,22.62163,1500,2500
2793,遊大俠旅店,位於高雄市的旅館,高雄市新興區中正三路128號,886-7-2360677,nan,120.305155,22.631393,380,880
2816,西北大旅社,位於高雄市的旅館,高雄市新興區八德二路27號,886-7-2859909,nan,120.30052,22.635862,1500,2000
2818,帕鉑舍旅旅店,如果說能住在一個充滿掌聲的地方，那該會是一件多麼幸福的事啊！這是我們最初的想法。PAPO’A（台語鼓掌之意），就是一個想要創造掌聲、留下掌聲的所在。2016 年夏天，這個想法終於有機會落實。在這之前，我們思考過無數次關於「住」的意義與價值。我們認為，住不該只是一種身心安頓，更該是場探索生活的旅程，這裡面包含了一種在地的人文歷史與風土民情，也包含了一種主人體貼旅人的心意，而在感官上這一切都能被含蓄而細膩地滿足。我們將 PAPO’A 的外觀以清水模作為它最主要的建築表情，並採用工業風的裝潢設計為搭配，因為在我們的記憶裡高雄本身就是一座帶有工業印象的城市，而這樣的呈現正好恰如其分地表達 PAPO’A 源自高雄的基因與特徵。大廳使用了設立於 1913 年南台灣傳統窯廠「三和瓦窯場」所燒製出來的黑磚作為建材。經過窯燒碳化後的黑磚最大的好處，不僅能吸收異味，還能散發出對人體有益的負離子。同時，它樸拙的觸感與溫敦的色調更能為旅人營造出舒適的氛圍，並具體而微地呈現台灣近代珍貴的傳統工法與建築美學。我們期許自己發揮跨產業思考的影響力，為旅宿業帶來不同的思維，提升在地與國際的競爭力，也希望將南部美好的人情味傳遞給更多的旅人；同時渴望自己未來能繼續莫忘初衷打造出一間讓旅人、讓地方鄉親也會用力 PAPO’A（鼓掌）的溫暖所在。,高雄市三民區重慶街1之2、1之3號1~8樓,886-7-3110869,http://papoa-hotel.com,120.30171,22.640728,6880,8880
2826,六合社中鴨家青年旅館,位於高雄市的旅館,高雄市新興區黎明里六合一路158號5樓,886-7-2352638,http://www.ahiruyah.com,120.30334,22.633045,2000,6000
2833,亞泰賓館,位於高雄市的旅館,高雄市楠梓區建楠路139號12樓,886-7-3533157,nan,120.326868,22.726835,900,1400
2883,高雄旅居文旅一心館,巴黎香舍大飯店位居高雄市中心三多商圈，附近接連高雄地標85大樓、高雄軟體科學園區、世貿會展中心、國際轉運港口、高雄金融及百貨商圈，鄰近捷運站 R7 (獅甲站)及R8(三多商圈站)捷運站，步行僅需十分鐘，鄰近有金鑽夜市、凱旋夜市、統一夢時代購物中心，逛街吃喝玩樂相當便利；距高雄車站及小港國際機場僅十分鐘車程，交通便捷!飯店全館89間寬敞舒適客房、採簡約優雅的裝潢風格，提供精緻、安靜、舒適又貼心的環境，並結合黑浮夢簡餐咖啡餐廳，提供中餐、下午茶及晚餐服務；飯店長久以來乃秉持以客為尊的心，為您提供最好的服務，亦感謝您的來臨給予我們為您服務的機會,"高雄市前鎮區一心二路15號3-10樓,12樓",886-7-3388277,nan,120.312305,22.610372,7000,10000
2903,花鄉旅館,米蘭風尚、英倫情人、臻愛巴黎、奢華夜上海…等獨特又時尚風格房間，加上VILLA風情泳池、按摩浴缸、spa水療淋浴、芳療蒸氣室、最前衛的夢幻情趣椅…等設施，花鄉時尚汽車旅館提供最精緻、奢華的休閒住房品質。 本旅店距蓮池潭風景區、高鐵左營站、漢神巨蛋、原生植物園、高美館、金獅湖風景區等觀光景點，只需五分鐘車程，形成絕佳的旅遊動線，是您住宿高雄洽公出差、休憩旅遊最佳選擇。,高雄市左營區文智路95號,886-7-3470111,nan,120.297467,22.676283,4500,9600
2919,旅圖青年旅館,旅圖青年旅館位於高雄市中心，近新崛江、六合夜市、高雄市總圖、三多商圈。步行到最近的捷運站只要5～8分鐘。即可搭乘捷運到高鐵左營站，或是西子灣、愛河、駁二、瑞豐夜市、大東藝文中心等，還有旅圖私房景點等你來探索！並且最重要的是，我們將住房的鑰匙與一卡通結合，到高雄不需另外購買一卡通，住宿期間持房卡即可至超商儲值，享交通及特約商店消費折扣！我們提供乾淨舒適的住宿空間：24小時的熱水澡（沐浴乳、洗髮乳、吹風機）、投幣式自助洗衣烘衣機、冰溫熱飲水機、加長（190公分）的獨立筒彈簧床、羽毛枕、洗淨的床被單、穿衣鏡、和免費的無線上網。住宿房型：單人房 / 雙人房（2單床） / 6人混合房 / 8人混合房 / 6人女孩房/8人女孩房6人房與8人房皆為上下舖房型。房內僅提供床舖與置物櫃，衛浴及廁所等設備為公共使用，男女分間。高雄市旅館編號485號,高雄市苓雅區中山二路489號3樓,886-7-3355520,http://www.pathwayshostel.com,120.299906,22.619554,450,8000
2942,梅花大飯店,《梅花大飯店》本飯店位處市區交通最便捷的地方。距高雄火車站、捷運站、公車總站及長途客運站，歩行只須幾分鐘!距高鐵新左營站也只須搭乘火車10分鐘即可到達。且臨近國內著名觀光景點[六合夜市，新堀江商圈]，可同時滿足出差、洽公的方便性及購物旅遊的客人。客房皆有液晶電視、空調設備、一樓大廳設有商務中心、全館提供無線網路上網。本飯店經營理念皆是以客為尊，強調營造出乾淨、衞生、安全的舒適環境，誠摯邀請您的蒞臨！,高雄市新興區南華路188號,886-7-2373141,nan,120.303214,22.635431,2200,5000
2951,泓揚精緻商旅,土木、建築系所畢業，註定了漂泊的工作方式。從高雄到台北、台灣到大陸、遠赴世界各地有工作、有事業、有辛酸也有歡樂；穿梭無數的城市，落腳各式旅店；繁華抑或純樸的街景有著同樣的銀色月光，街燈下五星酒店有著奢華的裝潢、舒適的名床，商務旅館設備一般、侷促的空間裡只能擺放著長度略嫌不足又有點硬的床。它們給我唯一的共同感觸是-有點冰冷沒有家的溫暖，枕頭聞不到自己的味道；夜深了湧上絲絲落寞鄉愁….想家。 我們有一身好本領可以幫人們規劃、設計、建造、裝潢一個美麗、舒適、溫暖又安全的家。而因全球村高度發展下以四海為家各地駐泊的族群們，內心渴望所停泊的旅店「像家」。於是，「泓揚精緻商旅-竹」誕生了，就在我們的家鄉-陽光、美麗的海港城-南台灣-高雄市。七賢二路上一棟不起眼的舊大樓，用我們的專業、用心與執著賦予它新生命；冀盼因商務、工作、旅遊而離家，因緣分而落腳泓揚精緻商旅的你都有-回家的感覺、居家的舒適、在家的放鬆。來吧！成為我們的家人，第一次入住就像搬新家，以後就像回家一樣，只要來到高雄市就想回「泓揚精緻商旅」這個家。現在我們的「泓揚精緻商旅」開始營運了，希望我們的用心、理念、傻勁曾經感動每一個住過的你。而你也會想念在高雄「泓揚精緻商旅」這個家。,高雄市新興區七賢二路74號5、6、10樓,886-7-2855696,nan,120.299385,22.634582,6160,9240
3021,輕旅宿商務旅館,"本館是由一群懷抱夢想的旅人,在因緣際會下接下一間近30年的老賓館,重頭改造,由原先昏暗,老舊的裝潢,改為明亮,簡約,輕鬆的都會悠閒風格,期待來到高雄的旅人,不論是出差,旅行,全家出遊,或者是一個人的旅行,都非常適合,搭配平易近人,和藹可親的服務內容,相信來到高雄的旅人,都能有賓至如歸的感受",高雄市苓雅區新光路26-4號,886-7-3320188,http://www.tyhotel.com.tw,120.303466,22.612055,5600,7000
3029,瑞谷大飯店,位於民族路及七賢路口、身處大統百貨和平店、文化中心商圈，步行至高雄捷運文化中心站01出口只要8分鐘，交通便利四通八達、近六合夜市，不論觀光或商務皆非常舒適便利。 瑞谷商旅有多間精緻客房，包含各式雙人房、商務房及家庭親子房型...等房型。提供消費者真正平價且舒適之住宿氛圍，並結合各種觀光資源推出各式套裝活動，讓您以更經濟實惠的價格賞遊港都之美！全館免費提供24小時無線寬頻上網線路及礦泉水。 飯店距離左營站6公里，距離信義小學站500米，距離左營高鐵站有15分鐘車程，距離高雄國際機場有20分鐘汽車車程。新興區是觀光、夜市、休閒放鬆的絕佳選擇。,高雄市新興區七賢一路75號3-11樓,886-7-2240501,nan,120.314966,22.633517,3880,7880
3083,金建商務飯店,位於高雄市的旅館,高雄市小港區飛機路459號2-9樓,886-7-8021655,nan,120.349063,22.571947,1800,2400
3089,妞妞與夢卡溫泉民宿,位於高雄市的民宿,高雄市六龜區寶來里中正路16號,886-7-6881725,nan,120.698413,23.107805,4700,6600
3119,百果園民宿,百果園民宿佔地有一千餘坪，種植了各式各樣的香草植物與水果。從事教職退休才開放做民宿，希望提供寧靜、舒適的環境與有緣人來此渡假、分享這塊淨土。,高雄市美濃區復興街1段58巷5號,886-988-863227,http://baigo5950@yahoo.com.tw,120.536239,22.88349,3000,4500
3136,花鄉旅館巨蛋店,花鄉商務汽車旅館巨蛋店為兼具旅遊及商務出差之多功能綜合旅館，座落於高雄左營區之博愛新星特區，週邊有捷運巨蛋站、漢神巨蛋百貨、巨蛋球場、博愛特區最熱鬧瑞豐夜市，緊鄰博愛路、南二高、省道、高雄火車站10分鐘車程，交通十分便捷，是您住宿高雄洽公出差，休憩旅遊最佳選擇。,高雄市左營區正心街86號,886-7-5561166,nan,120.304411,22.663855,1780,6200
3148,佑煦行旅,「佑煦」定位為國際級城市商務渡假飯店，精心規劃的軟硬體 服務接軌國際視野。除提供全方位完善優質的設施服務，同時 以合理實惠之價格款待貴賓，以『舒適、紓壓、溫暖、熱情』 之極致服務精神，無論商務住宿或餐飲料理皆能呈現給您最細緻的貼心照顧。,高雄市鹽埕區光榮街83號,886-7-5218770,nan,120.285994,22.624422,2400,7800
3212,薇風情MOTEL,位於高雄市的旅館,高雄市鳳山區保仁街1號,886-7-7968689,http://www.wemotel.com.tw/,120.350887,22.592331,2000,8500
3218,禮來大飯店,「以客為尊、以禮相待，歡迎您來!」是禮來大飯店名稱的由來。館店提供30間別具特色房型，房內鮮豔的色彩搭配著掛畫，都是經由團隊幾經思量一再調整才展現在旅客面前。房型簡約中帶有穩重、繽紛色彩卻又令人覺得素雅。禮來大飯店除了館店自身追求品質外，其地點分外擁有其他旅店沒有的優勢，地處六合路上，離國際知名六合夜市僅僅450公尺遠，步行僅需6分鐘。距離交通要站捷運市議會站也僅200公尺不到。飯店對面即設有停車場，您也可以驅車前來。旗下空中城都會商旅是高雄著名地標85大樓內唯一合法飯店業者，注重旅客住宿品質、安全與隱私，一直是經營團隊努力追求的目標。位於屏東三地門台灣原住民族文化園區內的琉璃珠風情旅店乃原住民委員會委託本團隊經營，保留原鄉文化、尊重在地特色，是國人或外國人體驗部落生活最佳的選擇。,高雄市前金區東金里六合二路166號,886-7-2012222,nan,120.292147,22.630617,5200,7600
3288,御宿商旅站前館,本館聘請最優秀室內設計大師團隊，以最好的軟硬體設施，專業化的經營理念，提供消費者最佳住的選擇，給您最新的感受、最高的享受，歡迎貴賓蒞臨! 御宿細節的用心、時尚的品味，以及超越傳統的奢華美感，給最尊貴的您最大的貼心服務。,高雄市三民區港東里建國二路283號,886-7-2378888,nan,120.303299,22.637662,8000,10000
3309,華納不只是旅館-自立店,位於高雄市的旅館,高雄市三民區自立一路323號,886-7-3123222,nan,120.296446,22.644541,3600,9500
3338,梅礦民宿,位於高雄市的民宿,高雄市六龜區寶來里竹林路65-31號,886-7-6883330,nan,120.729263,23.102889,2600,3600
3339,城市商旅駁二館,繼高雄真愛館後，在充滿藝術氣息的駁二特區推出全新風格旅館。全館設計展現出復古工業風格，保留一種「未加工」的元素，彰顯了工業風粗獷個性，磚牆讓空間呈現較細膩的復古感，運用鐵件設計與懷舊傢俱的結合，讓館內增添一種自然不做作的現代化質感。『城市商旅駁二館』全館共12樓層、110間客房，客房類型共區分成7款不同類型，每間客房以復古工業風為主設計概念，自然裸露的紅磚牆質感，搭配房內精挑的古銅配件，看似粗懭原始卻散發出一股溫暖的氛圍。飯店資訊	地址：高雄市鹽埕區公園二路83號電話：+886-7-532-2777傳真：+886-7-521-3211,高雄市鹽埕區公園二路83號,886-7-5322777,http://www.citysuites.com.tw,120.285306,22.620229,12600,15400
3342,昭來大飯店,"昭來大飯店坐落於青年路家具街內,生活機能完整鄰近中央公園捷運站,步行只需2個路口飲食娛樂交通方面完善,鄰近新崛江商圈、大立精品、漢神百貨、三多商圈、愛河、六合夜市美食餐廳林立,全館提供Wifi無線上網以客為尊 便利為先",高雄市苓雅區青年一路311號,886-7-3335111,nan,120.302631,22.620049,1380,9000
3394,康橋商旅-高雄-中山八德館,位於高雄市的旅館,高雄市新興區中山一路289號1至6樓,886-7-2883399,http://www.kindness-hotel.com.tw,120.302084,22.636176,6900,11868
3397,康橋商旅-高雄-覺民館,位於高雄市的旅館,高雄市三民區覺民路291號,886-7-3903377,http://www.kindness-hotel.com.tw/location-kaohsiung-juemin,120.334225,22.640019,6720,12480
3412,打狗戀館,位於高雄市的旅館,高雄市小港區港平路167號,886-7-8129988,http://www.takaomotel.com.tw,120.334826,22.564163,2100,9900
3419,雲端精緻旅館,雲端精緻旅館位於高雄市區六合夜市旁環境鬧中取靜全新裝璜精緻典雅、簡約寧靜充份展現出新型態的素雅奢華 交通優勢 鄰近台鐵高雄站、捷運美麗島站讓您迅速便利地前往高雄市各行政區，距中山高中正路交流道車程僅15分鐘交通四通八達相當便利。 觀光優勢鄰近六合夜市、城市光廊、新崛江商圈、大立精品百貨、愛河風景區…等景點吃喝玩樂生活機能一應俱全，絕對是團體活動、商務出差及愜意旅遊的住宿、休息的最佳選擇。,高雄市新興區民主路18號,886-7-2867069,nan,120.300089,22.63328,6200,8900
3475,美麗道商旅,位於高雄市的旅館,高雄市新興區中正三路99-2號,886-7-2161999,nan,120.306877,22.63114,1200,10000
3597,川雅居,讓您身心靈最放鬆的一方天地臺灣 旗山 川雅居 民宿~Taiwan  CHUAN  YA  JU    GUEST  HOUSE讓您回到家的感覺……人文     藝術    生態    自由     慢活在天與地之間……在藍天與白雲之間……在日月～星辰之間……在徐徐清風中～在滴答～悅耳的雨聲中……在四季時光不停的流轉中……聆聽著……享受著……大自然生態的脈動~這一處～香格里拉～帶給我們～身心靈～淨化的洗禮……,高雄市旗山區圓富里9鄰富興路23巷3號,886-919-237086,nan,120.494445,22.92336,4000,5000
3612,林圓商務汽車旅館,位於高雄市的旅館,"高雄市林園區東林里沿海路二段28,30號",886-7-6419696,nan,120.399655,22.501119,1800,6000
3638,美濃情休閒觀光民宿,位於高雄市的民宿,高雄市美濃區祿興里上竹圍14號,886-7-6813351,nan,120.545499,22.882096,2500,2500
3649,恬瑩居,位於高雄市的民宿,高雄市六龜區荖濃里19鄰裕濃路81巷38號,886-7-6882061,nan,120.679298,23.073671,3600,6600
3756,好地方飯店六合館,"永悅飯店為商務和休閒旅遊遊客而設計，位於南台灣得天獨厚的前金區，是本市最受歡迎的飯店之一。 因為離市中心僅1.3 km的路程，離機場也只有9.8 km的路程，這間3星級飯店每年都會接待大量的旅客。 飯店位置優越讓遊客前往市區內的熱門景點變得方便快捷。 為使客人感到賓至如歸，永悅飯店盡一切努力提供最優質的服務和最優良的設施。永悅飯店設有116間精美的客房，娛樂設施豐富多樣。飯店的特色服務，包括所有房型皆附免費WiFi、空調、Morning call鬧鐘服務、每日客房清潔、代客叫車服務, 24小時前台服務, 快速入住/退房服務。 永悅飯店是來高雄市旅遊的最佳留宿飯店，為您提供一站式高品質服務。",高雄市前金區七賢二路207號,886-7-2162330,nan,120.293748,22.632302,8800,10800
3786,假期汽車旅館,位於高雄市的旅館,高雄市大社區保舍里保舍甲路98號,886-7-3523333,nan,120.347652,22.746215,2200,2200
3812,高興大旅社,位於高雄市的旅館,高雄市鳳山區五甲一路37號,886-7-7463232,nan,120.358048,22.621603,400,400
3850,嵩山大飯店,本飯店位於七賢一路與民族路交接處，臨近文化中心、大統百貨，至六合夜市約五分鐘車程，距離高雄火車站、高雄捷運站、建國客運總站車程僅需十分鐘以內，高鐵左營站、小港國際機場二十分鐘內也可抵達，全棟於100年重新裝潢完工，全新衛浴，液晶電視，全館提供免費有線、無線上網，我們以最親切的服務，歡迎您的蒞臨,高雄市新興區七賢一路100號,886-7-2262266,nan,120.314412,22.633881,1600,3000
3893,城都大旅社,位於高雄市的旅館,高雄市左營區左營大路442巷8號,886-7-5815066,nan,120.294046,22.687732,500,1000
3912,御宿商旅中央公園館,本館聘請最優秀室內設計大師團隊，以最好的軟硬體設施，專業化的經營理念，提供消費者最佳住的選擇，給您最新的感受最高的享受歡迎貴賓蒞臨! 御宿細節的用心、時尚的品味，以及超越傳統的奢華美感，給最尊貴的您最大的貼心服務。,高雄市前金區中華三路15號,886-7-2155990,http://www.royal-group.com.tw,120.295819,22.623202,7000,7000
3949,永美旅社,位於高雄市的旅館,高雄市橋頭區橋頭里站前街16號,886-7-6113558,nan,120.310482,22.759918,450,450
3984,萬美賓館,位於高雄市的旅館,高雄市左營區左營大路14-9號,886-7-5825888,nan,120.287655,22.680258,600,800
3995,高雄圓山大飯店,高雄圓山莊園渡假飯店位於澄清湖畔。特有的宮殿式建築是集西方建築的雄偉與東方建築的古典於一體，七彩畫棟、丹朱圓柱等建築特色，東方傳統的藝術色彩，匠心獨運。 107間客房，舒適寬敞的空間，結合中西合併，古典婉約的風格，從景觀陽台，坐望燈火輝煌的夜色，澄清湖碧波蕩漾四季如畫之美景，盡收眼底，讓您身心完全放鬆的莊園渡假飯店。 飯店餐廳匯集了中、西式傳統道地的經典名菜，宮廷般的尊貴氣派，讓您在喧鬧的城市中，享受一個靜謐的餐飲環境。 飯店多項休閒設施，花園游泳池、池畔坐望林、健身中心、撞球、桌球、景觀木棧道等，讓您除了徜徉於澄清湖的湖光山色之間，又能鬆弛筋骨，享受輕鬆自在又健康的美好假期。,高雄市鳥松區圓山路2號,886-7-3706007,http://www.grand-hotel.org,120.346628,22.653149,6000,12000
4047,嘉一大旅社,位於高雄市的旅館,高雄市林園區文賢里康樂街39號,886-7-6412042,nan,120.393976,22.503102,350,350
4064,花鄉戀館-大昌店,休息是為了走更長的路，花鄉戀館大昌店~是您最佳選擇，花鄉戀館大昌店~以旅客的需求為目標! 每個房間都附上網路設備，供您免費使用。 服務專線：07-381-6800  傳真：07-395-5735地址:高雄市三民區皓東路78號,高雄市三民區皓東路78號,886-7-3816800,nan,120.332972,22.64818,5800,6200
4065,中正湖民宿,位於高雄市的民宿,高雄市美濃區福美路30號,886-7-6812736,nan,120.551431,22.913198,1800,3500
4082,峰園民宿,對很多自助旅遊的人而言，「交通」往往是一個旅程安排上很重要的因素。一但沒有自行開車前往，恐怕有很多景點到不了。峰園民宿，距離車站約五分鐘路程，民宿本身提供導覽服務，非常適合自由行背包客住宿！民宿主人陳啟中先生，本身是高雄市民宿發展協會總幹事，擁有專業導覽導遊證照，對於推廣美濃觀光導覽與民宿發展更是不餘遺力。峰園民宿提供的導覽，分半天、一日的行程，並依照客人喜好與背景，規劃行程，並有交通車接送，可以輕鬆地飽覽客家文化的精華。聽主人陳啟中娓娓道著每一個美濃鄉間的故事和點點滴滴，既有趣且溫馨。隨著民宿主人導覽解說的腳步，遊走在田園鄉間的田埂上，彷彿遠方菸樓升起的白霧裊裊茫茫令人忘卻凡塵如在仙境。峰園民宿竭誠的邀請您的蒞臨。,高雄市美濃區雙峰街8-20號,886-7-6820839,nan,120.540982,22.906459,1000,2400
4110,御宿汽車旅館武營館,位於高雄市的旅館,高雄市鳳山區武林路3號、5號,886-7-7719888,nan,120.336253,22.614281,10000,10000
4116,紅舍客棧旅店,位於高雄市的旅館,高雄市前鎮區林森三路94號5-9樓,886-7-3386555,nan,120.308164,22.612222,4380,4680
4120,御宿汽車旅館博愛館,位於高雄市的旅館,高雄市鼓山區龍德路2號,886-7-5551901,nan,120.295655,22.660967,8000,10000
4194,秝芯旅店,位於高雄市的旅館,高雄市前金區新盛一街55號,886-7-2877766,nan,120.295931,22.631738,6160,8400
4204,四季汽車旅館,位於高雄市的旅館,高雄市鼓山區裕誠路1789號1-3樓,886-7-5523322,nan,120.294316,22.658681,5200,18000
4275,金銀島汽車旅館-新富店,本旅館位於鳳山衛武營都會區，臨近鳳新高中文化學區房型風格多變，共有地中海、海洋之星、峇里島、夏威夷等12種異國風情，令人彷彿置身於世外仙境一樣。超越五星級飯店的室內SPA、按摩浴缸、蒸氣室、精油泡澡，集休閒、科技、商務、溫馨、舒適的頂級服務，讓您充分體驗到渡假的樂趣。呈現五星級服務，平價消費，所有配備設計皆以商務客的需求為出發點，以高尚優雅為裝飾理念，營造出舒適明亮的室內空間，讓出差心情頓時愉悅起來，無需帶著沉重的行囊，用最好的服務，歡迎每一位遠道而來的旅人。,高雄市鳳山區大明路223號,886-7-7638933,nan,120.341273,22.61181,1500,8000
4298,陽光大飯店,陽光大飯店創立於1995年，隆重開幕於中華四路上，結合優雅的中式古典，全館以名貴花梨木傢俱融合雅緻的東方文華精萃，匠心獨具以獨有的中華文化融入創新的當代設計，是您不可錯過體驗的東方美學深度之旅，給顧客每一次的住宿，都像一種品味……陽光大飯店座落於高雄市中心，位居中華路金融商圈與三多商圈之精華地段，與85大樓比鄰而居，緊鄰高雄軟體科學園區與高雄加工出口區，距高雄車站及小港國際機場僅十分鐘車程，離大魯閣草衙道和夢時代等熱門購物中心車程約十分鐘，鄰近高雄捷運紅線三多商圈站，步行僅需五分鐘是洽商出差與渡假觀光的最佳地理位置。陽光大飯店不斷追求創新與優質服務，於2011年擴大營運，為具備五星級設備水準之精緻飯店，全館擁有150間舒適豪華客房，3個中西式餐廳及日式餐廳、功能完備之專業會議室場地、專業健身中心……等多樣休閒設施，充分滿足顧客多樣需求。全體員工秉持「創新服務，以客為尊」之服務理念，提供顧客最賓至如歸的尊榮享受。陽光大飯店薈萃東方文化的典藏風華，散發高雄海港城市的活力，以精緻的品味、貼心的服務，成為造訪高雄最佳的選擇!誠如飯店所名，陽光歡迎您的蒞臨………,高雄市苓雅區中華四路71號,886-7-3327988,http://www.hotelsunshine.com.tw,120.301528,22.614396,12700,21800
4312,富都大旅社,位於高雄市的旅館,高雄市鳳山區曹公路115號,886-7-7462607,nan,120.357304,22.630485,600,600
4314,美濃雲山居民宿,一個花發而幽香，佳木秀而繁陰的地方，主人取名為雲山居。鑿池其西，引流種樹，以為休憩之所，三十餘年來，在主人刻意的經營下，已頗具規模，環抱之樹比比皆是，碧綠庭芳，更是稚子最佳嬉戲之所。      主人是為音樂人，有著老莊的超然。凡人如能有心靈的餘裕，自然就會回饋到自己本身，有此餘裕之心，也才能誠摯地款待他人。而主人在庭院藝術的發揮，卻說明了此點。      「美濃雲山居民宿」東望中央山脈〈大武山〉，有清流測奔，朝暉夕陰，氣象萬千，懶懶地偷個浮生半日，目視西沉金鳥，如桂林的奇峰，掩蔽日輝，自是一番暢快、、、、、、      以前都是些騷人墨客齊聚之所，常不知不覺已時過子夜，時而雨霏日斜，時而微風穿樹，時而春和景明，時而皓月晴空，時而漣漪入池，時而水石相博，又時而鳥鳴枝間、、、、、      身為音樂人的主人，自然和藝術脫離不了關係。同為藝術的盆栽或為直幹，或為垂崖，或為文人，或為飄逸，無不是主人精心之作。樹與石自然也分不開，庭石或景石錯置院中，別是一番情趣。池中白鵝競游，綠鴨逐波，自成風情！雲山居的秘密等你一一揭開！,高雄市美濃區龍山街56-1號,886-7-6833808,http://www.5658.tw/6833808/,120.557482,22.86684,1200,3600
4326,香堤晶典旅館,位於高雄市的旅館,高雄市小港區宏平路579號,886-7-8035566,nan,120.354064,22.569689,1500,1780
4334,金都旅社,位於高雄市的旅館,高雄市三民區河北二路55號,886-7-2873161,nan,120.299403,22.637044,300,300
4344,花鄉戀館楠梓店,本旅館座落於高雄楠梓右昌，緊鄰高雄大學、楠梓加工區、高雄都會公園、左營海軍官校、中油高雄總廠、交通便利，有捷運紅線、台十七線西濱公路、省道台一線，到高鐵左營站僅五分鐘車程，本旅館擁有五星級豪華進口衛浴設備、精緻典雅出眾的歐式裝潢，親切一流的服務品質是出差及旅遊人士最佳選擇。,高雄市楠梓區興泰街55號,886-7-3659921,nan,120.284887,22.716436,1500,6200
4360,六合宿旅店,位於高雄市的旅館,"高雄市新興區六合二路10,12號12樓",886-7-2850077,nan,120.301564,22.63297,1500,9500
4377,佳適迎旅舍,位於高雄市的旅館,高雄市新興區中山一路257號,886-7-2882111,http://www.jiasinn.com.tw,120.302043,22.635241,2500,8000
4411,華水亭汽車旅館,位於高雄市的旅館,高雄市鳳山區園茂路62號,886-7-7927477,nan,120.357432,22.591024,9800,9800
4420,日光河堤時尚旅店,位於高雄市的旅館,高雄市前金區光復二街191號,886-7-2411177,nan,120.291204,22.62202,1600,1600
4462,歐閣精品旅館,位於高雄市的旅館,高雄市苓雅區英明路268號,886-7-7247890,nan,120.323553,22.62001,2100,5700
4518,高源大旅社,位於高雄市的旅館,高雄市三民區南華路225號,886-7-2357101,nan,120.303512,22.636933,500,800
4525,香堤時尚旅館,每房依房型不同 附設按摩浴缸.按摩椅.蒸氣室.花灑.SPA.圍棋浴.住宿提供免費自行車租借,高雄市橋頭區德松里鐵道北路33號,886-7-6117166,http://www.chateau-motel.com.tw,120.303951,22.766212,3180,4200
4591,藏青谷渡假莊園,沁藏青春不老 仕外桃源之谷〜藏青谷當您進入六龜街市後，行徑六龜大橋沿著蜿蜒的山路映入眼簾的盡是壯闊的山谷溪流，隨後抵達新發國小轉入鄉間小徑。放眼所即兩旁是層層山巒與茂密的樹林，套著袋的蓮霧與芒果樹林立於起起伏伏的小徑順行而下，越來越貼近荖濃溪，行至路窮處一個轉彎後〜柳暗花明如當是那一大片草坪與盡頭處白色的莊園建築，傳說中令人驚艷的秘境〜『藏青谷莊園』此刻就真實地呈現在您眼前……..。,高雄市六龜區新發里和平路130-72號,886-7-6791000,nan,120.661156,23.041763,8800,8800
4601,發拉斯民宿,位於高雄市的民宿,高雄市那瑪夏區民生里大光巷209號,886-7-6701538,nan,120.723586,23.288272,1500,1500
4606,吉梅雅舍民宿,位於高雄市的民宿,高雄市阿蓮區復安里復安32-7號,886-7-3867214,nan,120.324512,22.849281,500,500
4608,美濃能量莊園,"&#34;美濃能量莊園民宿&#34; 鄰近南隆國中旁 ~ 是您高雄美濃住宿最佳選擇 ~ 「美濃能量莊園民宿」 創辦人：徐滿祥醫學博士能量民宿是全台灣第一間能量民宿，地點位於高雄市以好山好水著稱的美濃區。原獨棟別墅改成民宿，優雅,寬敞,舒適採光一級棒非常好環境,佔地室內300坪每層樓100坪共有三層樓，內有音、風、光、電、水、、等能量補充站體驗及三溫暖(烤箱、共振艙；現採藥草蒸氣浴)等，非常適合團體包棟、親朋好友相聚及辦理結婚迎娶場所,有氣派寬敞客廳,拜別父母親養育之恩好地方 包整棟三層樓300坪晚上有娛樂性節目，如唱卡拉ok，蒸現採藥草蒸氣室，烤箱， 共振倉，打乒乓球，都是可以排毒養生場所",高雄市美濃區清水里南中街3-3號,886-7-6830813,nan,120.533208,22.867026,3000,6500
4630,和逸‧高雄中山館,和逸飯店．高雄中山館坐落於繁華的三多商圈，此區聚集了新光三越百貨、SOGO百貨、大遠百形成的黃金三角，是高雄的時尚重鎮，優越的地理位置匯集了高雄的主要交通幹道-三多三路、一心二路、中山二路，飯店即位於捷運三多商圈站3號出口，走進飯店可以感受到室內空間的自然光與暖色燈光，打造最合意的悠閒時光。,高雄市前鎮區中山二路260號22-29樓,886-7-9756699,http://www.hotelcozzi.com,120.305071,22.613217,8800,59800
4634,河堤美學商旅,獨特簡約的時尚空間，貫穿大廳、樓層及61間客房，貼心打造舒適住宿環境與品質，致力讓每位貴賓都有回「家」的感覺。位於高雄市區主要交通樞紐：距離高雄車站及捷運高雄車站站三分鐘車程、距離九如交流道約八分鐘車程、距離高鐵左營站約十五分鐘車程、距離小港國際機場約二十五分鐘車程，是旅遊觀光、商務差旅住宿最佳選擇。臨近特色購物商場：六合觀光夜市、三鳳中街南北雜貨街、後驛成衣商圈、建國電腦街。,高雄市三民區安東街23-1號,886-7-3119101,nan,120.295169,22.64211,4900,7700
4663,日宏大旅社,位於高雄市的旅館,高雄市前鎮區天后街13號1-3樓,886-7-8316709,nan,120.322893,22.572165,400,400
4677,御宿汽車旅館鳳山館,位於高雄市的旅館,高雄市鳳山區中崙一路31巷2號,886-7-7537118,nan,120.355297,22.612667,10000,15000
4699,皇家金宸大飯店,"皇家金宸大飯店座落於高雄第一大行政區鳳山,低調奢華的歐式建築風格,襯映出旅人心中最佳休憩期待,一樓大廳寬闊大器懸吊著玉如意造型水晶燈,及原木打造家具,揉合東西方新型態美學,六樓親子樓層讓你步出房門直接用溜滑梯到達位於五樓戶外親子遊樂區,滿足小朋友童心的美好想像,飯店緊鄰鳳山溪自行車道,自行車約5分鐘可抵達大東文化中心,5分鐘可達全台最大兩廳院衛武營國家藝術中心,皇家金宸以新型態旅行美學為精神,心型態服務品質為核心,帶您體驗南台灣獨有的熱情饗宴。",高雄市鳳山區國泰路一段288號,886-7-7405999,http://www.royalgoldhotel.com,120.353877,22.616188,3600,16000
4723,巴尼.蓋休閒農莊民宿,1.四季均可賞鳥及冬季賞聖誕紅、梅花、櫻花，夏季賞螢火蟲。2.4 月梅季，可提供脆梅、梅醋、梅精，5 月產水密桃，8 月金煌芒果麻竹筍。3.當地具有鄒族原住民特色文化。4.可登山健行，採梅採筍。,高雄市那瑪夏區瑪雅里平和巷202號,886-7-6701926,nan,120.690545,23.249032,1600,2000
4755,寧妮谷民宿,位於高雄市的民宿,高雄市那瑪夏區達卡努瓦里3鄰秀嶺巷183號,886-7-6701087,http://www.facebook.com/ningniguesthouse/,120.720087,23.26936,1500,2200
4789,麗馨麗登精品商旅七賢館,麗馨精品商旅-七賢館，座落於七賢路與市中一路口，鄰近高雄知名愛河及六合觀光夜市等觀光景點。『人文化，客製化』是樂品商旅服務的宗旨。從節能的設計，燈具及媲美五星級飯店之盥洗用品和真空沐浴包，提供客人在溫馨優質住宿下更兼顧環境的保護。,高雄市前金區市中一路229號1、3~8樓,886-7-2219911,nan,120.289213,22.630767,1380,7200
4822,明山莊,由莊輝煌建築師所領導的漢景人文建築，以「人」為基本思考出發點， 長期致力於深刻文化內涵與藝術氣質的建築呈現。明山莊正是運用當地自然環境條件、對美學原創風格的堅持，使用在地嚴選的建材，創造出深度和諧的空間，讓蒞臨的客人有倦鳥歸巢的期待。,高雄市大樹區三和里三和路120-1號,886-7-6563891,nan,120.426654,22.725715,5800,7800
4836,仁龍商務旅館,位於高雄市的旅館,高雄市仁武區京吉二路171號2樓,886-7-3730337,nan,120.340849,22.682552,1200,1200
4851,兆舍行旅,兆舍行旅，全新開幕，位於高雄市中心，鄰近愛河、六合夜市～辦公出差&團體出遊最佳選擇！『專業服務　永續經營』兆舍行旅(Chao She Hotel)秉持永續經營的理念。本公司擁有優秀的經營團隊，秉持著『專業服務』的經營理念，追求企業永續經營及成長。,高雄市前金區七賢二路378號,886-7-2411745,nan,120.289494,22.631282,3600,5500
4854,旗山民宿,位於高雄市的民宿,高雄市旗山區三協里楊厝巷11-1號,886-918-183715,nan,120.47274,22.871519,5000,5000
4908,香格里拉旅館,"高雄香格里拉精品旅館香格里拉精品旅館是以精品走向都會中的旅館,享受一種自然時尚的精緻氛圍,利用光影效果來呈現出空間變化的細緻感,以20種風格為基調來延伸設計出31間房型,讓您每次蒞臨都有不同視覺與觸覺的悸動.交通資訊香格里拉精品旅館位於高雄最繁華的市中心 ( 火車站旁 ) 交通便捷、鬧中取靜，距火車站步行僅3分鐘，六合夜市也僅步行10分鐘，距愛河、漁人碼頭、主要景點車程只要10分鐘，布魯樂谷主題樂園車程15分鐘、小港國際機場20分鐘車程 ，是城市商旅最適中的選擇。",高雄市三民區建國二路208號,886-7-2356007,nan,120.306523,22.637675,3400,4800
4964,巴黎商旅,巴黎商旅位於高雄市新興區市區中心，自立路及大同路交叉口，旅客可徒步前往六合國際觀光夜市、南華新興夜市、中央公園R9捷運站、美麗島R10捷運僅需步行五分鐘路程即可到達，也可散步至五福路及中山路路口商圈(新崛江商場)以及城市光廊，再前往及大立百貨逛街購物，沿途可在徒步走至漢神百貨以及光榮碼頭、真愛碼頭觀賞愛河及海岸景色；午後可搭車到鼓山渡船頭搭船賞港區夜景，旗津品嚐海鮮或者也可至西子灣壽山公園英國領事館及忠烈祠俯瞰高雄市黃昏街景及夜景。,高雄市新興區自立二路8號,886-7-2151089,nan,120.29984,22.62903,4000,9000
4970,藝宿家客棧,【世界首創】旅遊與藝術文化全方位結合寬敞舒適空間精心策劃台灣本土藝術畫家故事提升每個旅行者時空視覺及文化創新體驗昇華另一層的感官及心靈享宴line:@arthome飯店電話：07-2857999飯店地址：高雄市新興區自立一路66之6號入住時間：15:00之後退房時間：11:00之前飯店登記號：高雄市旅館028-16號,高雄市新興區自立一路66之6號5樓,886-7-2857999,https://www.arthomehotels.com/,120.297294,22.63588,3980,9680
4982,恬美農場,恬美農場是西元2000年起，兩家好朋友一起耕耘的土地--築巢圓夢放感情的所在。恬美是取兩家女生的名字合意而成。農場採自然農法及里山信念經營，生態十分豐富，自家農場種植蔬果提供做早餐的食材。民宿建築簡約，但琴鍵騎樓十分具有特色，早晨可欣賞日出，夜間可觀星或看到月亮升起。男主人為具有City&GUILD咖啡師及SCAE歐洲精品協會中級烘豆師證照，入住可免費品嚐自家烘焙的新鮮咖啡。本民宿為退休的兩位老師夫妻所經營，喜歡閱讀，烹飪，男主人專長為金工和咖啡，可預約體驗課程。,高雄市內門區龍山30號,886-939-022887,nan,120.494881,22.976886,6000,6000
5021,種子商旅,位於高雄市的旅館,高雄市苓雅區光華一路148之42號,886-7-7240011,nan,120.316026,22.623345,3300,5500
5027,遠悅飯店高雄愛河館,位於高雄市的旅館,高雄市三民區市中一路314號1-5樓,886-985-167039,nan,120.288223,22.633729,1380,3380
5049,麗池汽車旅館,位於高雄市的旅館,高雄市左營區重義路11號1-2樓,886-7-3459677,nan,120.313167,22.685536,6000,6000
5129,世奇商旅,位於高雄市的旅館,高雄市左營區裕誠路450號,886-7-8025566,nan,120.304762,22.665868,2500,3000
5134,華納不只是旅館-熱河店,位於高雄市的旅館,高雄市三民區熱河二街222號,886-7-3123222,nan,120.295864,22.644638,3600,7500
5146,龍翔飯店,三星級的龍翔商務大飯店距離高雄巨蛋站（紅色線）僅有3分鐘步行路程，提供帶免費無線網絡連接的住宿。飯店為商務旅客提供商務中心並協助客人安排不同的旅遊景點。飯店距離漢神巨蛋購物廣場有5分鐘步行路程。龍翔商務大飯店距離瑞豐夜市有10分鐘步行路程，距離愛河有13分鐘車程，距離高雄火車站有10分鐘車程，距離高雄國際機場約有25分鐘車程。飯店提供免費的私人停車場。所有客房都配備了一台平面有線電視、一張辦公桌、一個休息區和一個迷你冰箱。連接浴室設有浴缸、吹風機和免費洗浴用品。24小時前台的工作人員會很樂意協助您提供禮賓服務。飯店可應要求提供基本收費的洗衣機。飯店內的餐廳供應每日自助早餐。附近其他餐飲場所距離飯店不到2分鐘步行路程。,高雄市左營區立文路75號6-10樓,886-7-5574769,nan,120.304689,22.664472,3800,8800
5169,龍華旅館,位於高雄市的旅館,高雄市旗山區花旗二路300巷2號,886-7-6622018,nan,120.458329,22.880717,2800,4600
5203,康瀚行旅,2017獲得全台第一間倫敦設計獎旅店-閱讀「旅人與海洋港灣」的生活和文化-絲路是古代很重要的文化傳遞之路，不論海上或陸上，在這長長的途中，總會遇到不同的挑戰、看見不同的風景，而能夠撫慰疲倦旅人的地方就是Khan。-在以前陸地交通尚不發達的時候，人們依著河流生活，是台灣最原始的驛站風景。而每一個港口都有不同的歷史定位及發展，像一幅人文風景，說著不同的故事。-因此，我們以航海為主軸，用不同特色的５３個港口為題，創造出獨特的氛圍，透過書本、透過影像，讓旅人們來一場紙上探險。,高雄市前金區七賢二路195號1至8樓,886-7-2112151,http://www.khanhotel.com.tw,120.294427,22.632597,1500,7600
5233,藍海旅館,位於高雄市的旅館,高雄市新興區民主橫路11號1至3樓,886-7-2855568,nan,120.301123,22.633261,600,3800
5249,花鄉渡假會館,花鄉集團旅館連鎖『花鄉休閒渡假會館』位於旗山糖廠內，它保有大自然的美景、鄉村的寧靜，舒適、整潔的住宿環境，寬廣的活動空間，最重要的是這裡充滿了深厚的老街文化與客家文化的人文特色、臨近美麗的客家小鎮－美濃來大高雄旗美區遊玩感受休閒渡假樂趣，我們會用最溫馨及熱情的招待，讓您渡過完美愉快的假期。花鄉休閒渡假會館內分五大主題休閒渡假系列、都會時尚系列、夢幻兒童系列、時尚奢華系列、北約簡約風系列。計有21間汽車休閒館VILLA客房及60間休閒商務館共81間客房，全館備有迎賓大廳、商務會議廳、商務中心、中西式餐廳、卡拉OK、聯誼廳、棋藝室、戶外SPA湯區、兒童閱讀室、戶外遊戲區、大型停車場等設備，適合公司、社團、旅遊團體來此渡假，無論住宿旅遊會議，都能擁有最精緻的歡樂驚喜。102年全新開幕，以配合國人精緻旅遊之需求。期待尊榮的您能有一趟溫馨又舒適的渡假之旅建築外觀高雅大方，會館提供二人及四人住宿房型，空間寬敞舒適、設備齊全。本渡假會館的鄰近有各休閒名勝去處，例如「內門紫竹寺」「佛光山佛陀紀念會館」「美濃客家文物館」「旗山老街」等。其行車時間約均在十分鐘內到達，可謂相當便捷。期待我們「賓至如歸」的優質服務，能與您共渡美好的假期！您的到來，更促進了旗美地區觀光勝地的繁榮，我們誠摯歡迎您！,高雄市旗山區忠孝街39號,886-7-6612828,nan,120.492232,22.878478,6500,6500
5256,人字山莊,從事兒童美術教學20多年，原本成立藝術廣場就是為了教導兒童學習藝術創作，美術教學戶外場所及自已藝術創作的空間之用，２００３年響應政府推廣觀光民宿且能廣交朋友的心態，開放給遊客度假住宿之用，申請登記通過合法民宿。 本山莊佔地500多坪近臨風景優美的中正湖、後倚人字山、翠綠山嵐、魔術方塊的涼亭及蓮花池中香水蓮隨風搖曳，子午蓮也在晚上綻放媲美，到處都可以看到男女主人創作猶如進入藝術館般，男主人水彩創作及女主人作品種類樣式多/葫蘆雕刻/棉紙撕畫/立體創作/藍染/…….不勝枚舉歡迎來享受一下藝術的饗宴。營運特色：1.免費為客人量身訂做安排行程，深度、藝術、知性、認識古蹟之旅2.提供腳踏車景點路線圖，規畫旅遊路線圖，建議單車遊美濃作深度知性之旅3.藝術DIY不同的生活體驗,高雄市美濃區民權路66-5號,886-7-6822159,http://www.renzji.com.tw,120.552624,22.912921,2800,4500
5258,奇異果快捷旅店-高雄車站店,"品味, 禪意, 新人文 - 開創商旅新風尚. 八八行館融合了人文, 品味, 禪意, 舒適的設計概念, 從空間陳設, 客房備品到理念分享均以人文為出發, 兼顧獨特品味與樂活自在的享受.",高雄市三民區大連街88號1-7樓,886-7-3130888,http://rs-kiwihotel.com/web/summary/50,120.305208,22.642243,6500,9500
5267,木森林香草民宿,位於高雄市的民宿,高雄市六龜區興龍里舊潭21-1號,886-7-6895866,nan,120.665792,23.012585,3000,3000
5275,晶英國際行館,位於高雄市的觀光旅館,高雄市前鎮區前鎮區中山二路199號,886-7-9730189,http://www.silks-club.com/,120.305789,22.611114,33000,360000
5364,小承輕旅,位於高雄市的旅館,高雄市新興區中山一路145號1至4樓,886-7-2881212,nan,120.301781,22.63235,600,5000
5369,高雄國際會館,高雄國際會館，都會叢林中的新桃花源。位於高雄國際航空站旁，緊鄰高雄公園，是高雄第一座開啟國際門戶之星級飯店，自然與時尚渾然而成的商務旅館飯店。館內擁有100間精緻客房、日式料理餐廳、烘焙坊、宴會廳、國際會議廳，及各式商務設施，會館同時將大廳與時尚餐廳融為一體，創造不同型態的風格；客房以簡約概念設計，開放式淋浴間創造大空間的視覺感，時而柔軟時而活潑的色彩能褪去商務客之疲勞、提供旅客慢活享受。,高雄市小港區大業北路436號,886-7-2620999,http://www.khhplaza.com.tw,120.345706,22.566622,8120,14000
5386,宗山旅社,位於高雄市的旅館,高雄市六龜區義寶里太平路60號,886-7-6892777,nan,120.636307,22.995397,600,1000
5415,國泰旅社,位於高雄市的旅館,高雄市左營區左營大路401巷33弄10號,886-7-5822592,nan,120.292644,22.688767,350,350
5441,御宿行旅雄中館,位於高雄市的旅館,高雄市三民區建國三路44號2-11樓,886-7-2240022,nan,120.300218,22.637954,4000,6000
5481,歐美商務汽車旅館,位於高雄市的旅館,高雄市湖內區葉厝里湖中路460巷26號,886-7-6998178,nan,120.214586,22.906107,1680,6180
5563,宜都大飯店,宜都大飯店位於高雄市中心，結合了觀光及商務兩大特質。由於未在高雄火車站、捷運美麗島站附近，旅客享有交通之便利。鄰近的六合觀光夜市、新崛江、城市光廊、愛河、國立科學工藝博物館、高雄歷史博物館及各大百貨商圈，同時讓您享有台灣美食文化與城市藝術，並帶領您感受高雄獨特的港都之美。 我們一貫秉持著“以客為尊”的宗旨，提供國內、外旅客一個恬靜、舒適、便利的住宿環境。無論您是商務洽公或觀光旅遊，「宜都大飯店」是您最佳的選擇。,高雄市新興區南台橫路31號,886-7-2861911,http://www.milordhotels.com/idolhotel/,120.299558,22.635228,1580,7980
5569,新世代精品商務旅店,擁有甜美溫馨、高雅時尚及清新舒爽的風格，位於14樓可俯瞰高雄市景，擁有開闊的視野，為高雄景觀旅店，旅店鄰近高雄捷運三多商圈站的交通優勢，不論前往大高雄各地皆十分方便，步行即可到達真愛碼頭、新光碼頭、大遠百等地區，為一處具有交通往來便利、生活機能佳等優質居住環境，是您往來南台灣旅行、出差、長住等超值的住宿選擇。,高雄市苓雅區三多四路63號14樓之2,886-7-2693322,http://www.new2693322.com.tw,120.301229,22.612765,4580,8000
5579,大成旅社,位於高雄市的旅館,高雄市大樹區檨子腳里中興北路90號,886-915-796211,nan,120.433073,22.692418,500,500
5618,麗馨麗登汽車旅館,麗馨、麗登連鎖旅館起源於2003年，創立於鳳山赤山特區，旗下有麗馨汽車旅館、麗登汽車旅館、麗馨精品商旅─鳳山館、麗馨精品商旅-七賢館。至今麗馨麗登連鎖旅館共4間分館，不論在經營績效或顧客滿意度方面，都有著卓越優異的表現，我們將持續創店的服務精神─貼心服務、乾淨舒適、高雅溫馨，做為指標規劃。,高雄市鳳山區文鳳路96號,886-7-7775036,nan,120.349093,22.642464,7800,12800
5634,帕可麗酒店,帕可麗(PARK LEES)地理位置絕佳，坐落鬧中取靜的公園旁，我們所描畫的不僅是公園的表象，而是以此內涵探索原生自然的態度和休憩心靈的需求，在忙碌與城市中創造一個旅人們能自在步足，又可重拾能量的空間。希望透過她所展現的簡約時尚主義與服務上的細膩專業、及我們的設計理念，賦予漫步至這個城市的旅人，不管是商務或休閒都能像在公園中短暫尋得所需的舒適平靜與能量。 以「旅人自主空間」為主軸，以同調性的色溫與線條光影串聯每個環境，大面積落地窗呼應戶外陽光綠意、浴室的透光灰色玻璃與鏡面、簡約舒爽的白色桌面、不經意的細部巧思，營造出時尚舒適又完備的精巧空間，以木、鐵、岩、光與影及精品的元素融入感官設計。 P-A-R-K Personal and Peaceful 雅靜休憩與個人，專屬旅人的精品簡奢之家  Artistic and Astounding 生活美學與時尚，探索建築空間與深度設計  Refined and Resourceful 精緻服務與專業，便捷的環境與貼心的接待  Kaohsiung Originated 城市高雄與品味，都會融合的獨特風範  建築設計 ARCHITECTURE樓層說明 B1~B3：地下停車場 Parking (車位有限)LB（文信路）：酒店接待大廳 Hotel Lobby 1F~2F（篤敬路）：艾可廚坊CERCLE de Cercle 5F~16F：客房Guestroom 建築外觀酒店以簡潔的黑白灰色調及線條，和諧搭配出精品感十足的建築外衣，頂冠採用不規則間距粗細的黑色鐵件保留陽光與天際的穿透感，公園前烙印明亮的集團標誌，如高雄海港之都中旅人歸屬的燈塔，並於酒店大門外角落地坪崁入銅板蝕雕，標記了所在地的經緯度與方位。  環保綠化 建築表層晶石塗料內具隔熱層，全面採用灰階強化膠合玻璃，有效阻隔部分熱能。頂樓鋪設隔熱地磚與綠化，設置太陽能板可自主蓄電提供夜間外牆照明電力。全館空調與熱水採用熱泵與冰水主機熱回收串聯，有效降低能源之耗損。建築內外燈光皆使用高效能LED燈具，並利用KNX系統及軟體，分區分段分時調節光源。 室內空間設計 INTERIOR DESIGN 抽象港都延伸外觀高雅簡約的風格，室內大量使用雕刻白大理石為主建材，大廳的復古不規則拼貼地坪表現出海水折射晶化的抽象感，並搭配接待櫃台的不規則船型意象與皮革框、大船入港。沙發區立面同樣採用不規則拼貼大面積的粗曠石材，櫃台後方壁面墨藍色橡木，加上天花的鍍鈦黑與金色波浪藝術造型，以抽象而時尚的設計手法，渲染這城市的天、海、山、河的港都意境，華奢但精緻內斂。  客房廊道映入眼簾的是藍灰白潑墨式的羊毛地毯，流水般的引導至客房門口，墨藍色與木色壁面及微醺暈光的大框，厚實門扇隔絕干擾舒適入眠。  個性化舒活空間 客房內49吋電視主牆墨藍框型與簡潔的白色長桌面，色調對換的呼應大廳白皮革框與櫃檯，銜接房口的矮坐墊，貼心給予旅客方便卸去鞋子讓腳呼吸的一處。芥末綠與金色曲線造型的書桌椅與矮凳，簡約時尚的品味恰與公園景致延伸一氣，全落地式的十字窗，讓充足的溫暖南台灣光線穿透房內至浴室空間。全館衛浴皆配置日本INAX免治馬桶，並使用德國百年精品V&B與GROHE。濕式備品更選用歐盟認證的環保產品，草本芬芳溫和舒適。而房內的畫作皆是跟高雄在地藝術家配合創作，讓源自這個城市萌芽的作品有機會被更多國內外的旅人欣賞。  PARK C ROOM墨藍色的客房、或PARK LEES SUITE墨綠色的套房，大膽但沉穩放鬆的格調，再開啟YAMAHA音響連接手機撥放自己喜愛的音樂，泡個澡同時喝杯紅酒，沉溺陶醉。   帕可麗酒店 PARK LEES HOTEL高雄市鼓山區文信路192號電話: 07-962-8800傳真: 07-962-9600 訂房 Reservation電話：07-229-6030  分機 3510 / 3511 或 07-962-8800,高雄市鼓山區文信路192號,886-7-9628800,https://pkl.thelees.com.tw/,120.302552,22.66457,4680,24200
5657,金鳳凰商務旅館,位於高雄市的旅館,高雄市鳳山區博愛路607號,886-7-7481666,http://www.goldenphoenix.com.tw,120.360987,22.630562,3880,4780
5662,御宿商旅博愛館,位於高雄市的旅館,高雄市三民區博愛一路105號,886-7-3122622,nan,120.302685,22.644274,3600,3600
5694,薇風精品汽車旅館楠梓館,薇風楠梓店館再一次精心安排33種不同情調風格的秘密空間及38間溫馨舒適的精緻尚務客房讓您細細品嚐與另一伴的纏綿愛情時刻薇風精品汽車旅館楠梓店以奢華極致寵愛無限愛在蔓延為設計概念重金打造您專屬的頂級主題多變的設計風格讓您體驗與薇風屏東館與眾不同的藝術風華-薇風楠梓店館位在高雄市楠梓區楠盛街137號薇風精品汽車旅館楠梓館歡迎您楠梓區汽旅商務首選,高雄市楠梓區楠盛街137號,886-7-3551177,http://www.wfmotel.com.tw,120.33308,22.730996,5380,7880
5753,金銀島汽車旅館-仁武店,本旅館緊鄰澄清湖風景區仁雄路上，位處高雄縣仁武鄉距中山高鼎金交流道出口及南二高國道10號民族出口500公尺，南北往來交通便捷通要衝，超五星級庭園式汽車旅館，館內規劃別墅型設計，室內SPA、按摩浴缸、蒸氣室、精油泡澡浴等使您每次造訪都能忘卻俗世煩憂，是您洽商出差、休閒旅遊最佳選擇，本旅館附設餐廳免費供應精緻中、西式早餐，亦可由服務人員送至房間用餐 優質的空間絕對是現代大眾追求最極致生活的享受，尤其MOTEL已成為時尚新去處，尋一處明亮的空間喜歡的角落窩在沙發中，端一杯咖啡，聆聽自我最深處的聲音，發現自己或許只是一點點寧靜的空間而已，不論是家庭、情人好友同遊都會有不同感受。,高雄市仁武區大灣里大豐街51號,886-7-3723200,nan,120.337093,22.675493,2000,6200
5764,都會商旅七賢館,都會商旅位於高雄市中心，並榮獲交通部觀光局三星評鑑肯定. 鄰近高雄捷運站、高雄火車站、愛河、駁二特區、六合夜市、三民市場、錢櫃KTV等娛樂， 擁有絕佳的地理位置和親切的服務，無論您是洽公、觀光、自助旅行或是小團體入住.....大廳提供免費飲品及冰淇淋、咖啡、果汁、部丁、爆米花以及免費的接駁服務。(接駁時間為08:00-22:00),高雄市前金區七賢二路231號,886-7-2726655,nan,120.289774,22.632589,3200,7200
5802,旅行家商旅,「旅行家商旅」位於高雄市三鐵共構的站前商圈，共設有42間設計典雅的各式套房，每間均採光充足，內設豪華裝潢，寬頻上網等服務，以提供遊客優質休憩環境，以最多元的角度，最休閒的腳步享受高雄旅遊中的樂活生活。,高雄市三民區河北二路50-7號,886-7-3219966,nan,120.299802,22.637023,3600,9600
5808,上陞商務旅館,位於高雄市的旅館,高雄市三民區南華路231號,886-7-2380116,nan,120.303587,22.637071,3000,3800
5848,一家人本舖,位於高雄市的民宿,高雄市桃源區寶山里7鄰寶山巷88之6號,886-7-6892007,nan,120.722068,23.054882,1800,2000
5850,東明旅館,位於高雄市的旅館,高雄市六龜區義寶里太平路26號,886-7-6891001,nan,120.63569,22.99552,500,1200
5865,崧泰旅店,崧泰，這塊老字號的招牌，在高雄已有將近十年的歷史～在民國108年斥資千萬重新裝修，全新經營團隊將以嶄新面貌與經營方式，以及合理的價格，重現在旅宿業的環境之中～崧泰旅店，位在繁華的都會區、熱鬧喧嘩的百貨商圈裡，卻有著安靜且舒適的住宿環境，以及優越的生活機能，食衣住行育樂樣樣俱全，來自世界各地的旅人與商務客，歡迎您下榻～崧泰旅店…崧泰旅店緊鄰交通樞紐，步行約8分鐘，即可抵達捷運紅線R9中央公園站，百貨購物商圈也在步行3-5分鐘的範圍內，近愛河風景區，生活機能與地理位置相當優越，住宿於此，不論前往商業區洽談公務、還是悠遊於遊樂場所，均近在咫尺之間。崧泰旅店每月定期安排專業廠商，進行旅店全館的消毒作業，對於客房環境清潔工作，絲毫不敢馬虎。只為提供入住的貴賓們，能有個乾淨且舒適的住宿空間！本旅店備有交誼空間、自助洗衣設備(投幣式洗衣機及乾衣機)，歡迎您至崧泰Long Stay，體驗高雄的深度之旅！誠摯邀請您選擇下榻~崧泰旅店！※為配合菸害防制法的施行，本旅店客房、公共空間、走廊全面禁菸，敬請貴賓們配合！※為提供乾淨與舒適的環境，本旅店「不開放攜帶寵物入住」。造成不便之處，敬請見諒！※全區提供免費Wi-Fi無線上網※專業貼心的服務，讓您有賓至如歸、以客為尊的感受，一樣有在家的溫暖感受！,"高雄市前金區五福三路79號6,7樓之1,2",886-7-2153468,https://www.sungtai-hotel.com,120.296114,22.621273,4800,6500
5877,都會HOTEL dùa,位於高雄市的旅館,"高雄市新興區林森一路165號1,5-14樓",886-7-2722999,nan,120.304557,22.630508,12000,18000
5880,八五亞太旅店,位於高雄市的旅館,高雄市苓雅區三多四路63號17樓之2、之3,886-930-056780,nan,120.299786,22.612642,800,2200
5881,巨蛋旅店,巨蛋旅店Hotel R14，以所在地鄰近高雄巨蛋以及位於捷運紅線第14站作為命名，一目了然。秉持「自然」、「真實」、「環保」、「簡單」的理念，巨蛋旅店從外觀到內部裝修的風格可以被歸類為日式現代風，打造出一棟兼具現代感、樸實、內斂、低調奢華卻又令人無法轉睛的旅店。旅店門口步行1分鐘路程即是R14巨蛋捷運站二號出口，步行至瑞豐夜市只需約5分鐘的路程，距離漢神巨蛋百貨也是5分鐘的路程，距離左營高鐵站約10-15分鐘的車程或5分鐘捷運旅程，距離知名景點蓮池潭約10分鐘以內的車程。便捷的交通、卓越的地點，是您旅遊的最佳選擇！每間客房均配有線電視、高效能旅館專用冰箱、衣櫃和書桌。床組是美國知名品牌蕾絲 (Restonic)，私人浴室則配備了Panasonic負離子吹風機、義大利進口高級洗浴用品和拖鞋。超過一半的房間面對著綠樹成蔭的明誠公園，坐在房間就可以寧靜地欣賞印度黃檀、雨豆樹等美麗高大的樹木以及高雄市最精華地段博愛二路的城市景觀。旅店全館提供免費的wi-fi服務，服務中心提供行李寄存服務、旅遊諮詢服務及代客叫車的服務，前台的工作人員則可幫助有需要的客人安排旅遊行程，也可應要求提供收費的班車服務。旅店早餐提供蛋奶五辛健康素，讓客人的早晨能夠健康清爽沒有負擔。,高雄市鼓山區文忠路1號,886-7-5868388,https://www.hotelr14.com,120.29622,22.665414,6800,9800
5915,鳥巢旅館,高雄住房新體驗 鳥巢頂級商旅 打造全新建築風格 提供您最精緻最典雅最華麗的住宿環境 鳥巢HOTEL頂級商旅位於高雄市前金區七賢二路165號(瑞源路交叉口)， 樓高12層，包含77間頂級精緻高級客房的特色建築， 鄰近六合商圈與高雄車站、愛河，環境優雅，交通便捷。 鳥巢HOTEL頂級商旅特別打造全新的建築風格，為房客提供更多元的服務。 飯店備有中西式自助餐廳、會議包廂、Cafe Bar、商務中心， 為您呈現精緻典雅、高尚華麗的住宿環境。 無論是個人商務或闔家旅遊，我們都能提供您多元化的房型與舒適溫馨的住宿體驗。 此外，飯店服務人員隨時為您提供貼新的管家服務，讓您有賓至如歸的感受。,高雄市前金區七賢二路165號,886-7-9719999,http://www.nesthotel.com.tw,120.296595,22.633207,7800,9800
5989,不老溫泉渡假村,早先在荖濃溪上有一條支流小溪，由於終年冒出自地層內的熱水，村民皆扶老攜幼去沐浴，對皮膚有神奇的功效，村民稱此為【熱水溪】。後來大約在四十幾年前現渡假村董事長陳良堅先生，因有感至溫泉源頭沐浴極不便，就用雙層保溫管從約四公里處，溫泉發源地，翻山越嶺引至渡假村裡。最先只蓋幾間極為簡陋的浴室，供村民和登山客沐浴。由於此溫泉水質清澈，無色無味，可浴可飲，屬碳酸泉，終年溫度為48度C左右，沐浴後皮膚滑膩，爾後即將此溪改名為【不老溪】。至民國64年時由於慕名遊客增多，為讓遊客有住處，以木板搭蓋幾間房間，訂名為【不老溫泉渡假村 】，成為高雄市第一家溫泉旅館。 歷經數次整建，現以全新設備裝潢呈現，恭迎遊客大駕光臨。,高雄市六龜區新發里新開路82號,886-7-6791888,nan,120.68356,23.066412,4000,5800
6008,美濃湖民宿,中正湖歐式山莊又名中正湖民宿為美聲民宿，緊鄰中正湖，從屋內窗外望去，竟是一片青蔥翠綠的人字山，湖光山色，美景天成，由男女主人李文欽、蘇櫻菊一起親手打造的園區花園，花草豐富，健康步道，小橋流水，到了夜晚在唯美的燈光點綴下，更讓中正湖民宿顯得更加浪漫撩人。位於高雄市的美濃小鎮，依偎在群巒綿延的[人字山]山腳下。在這個客家聚落裡有古蹟有老厝有水圳，更有純樸善良的人文風情，值得您放慢腳步細細去品味。冬天的時候，小巧白嫩的白玉蘿蔔；夏天的時候來到這裡則可以滿眼深淺不一的綠，欣賞雨後繚繞的山嵐或騎腳踏車任暖洋洋的南風吹彿在臉上。主人蘇女士，不但是一位專業導覽，更是一位熱情開朗的志工，有關美濃客家的風土人情，她瞭若直指掌如數家珍，能為遊客在最短時間認識美濃。他致力於推廣傳統的客家八音，即以鑼鼓樂為基礎加嗩吶類鼓吹樂器為主，有時會即興來段 [迎賓曲]以迎接遠道而來的貴客。中正湖民宿位於全國模範社區比賽獲獎的中圳社區中，此地的里民對於環境的綠美化重視，高過於其他社區居民。中正湖民宿是主人精心打造的溫馨小筑，除了希望能藉著它來帶動美濃的觀光品質與推廣美濃地區的客家文化，同時也期盼能給您一個難忘的假日生活，誠摯邀請您的光臨。1.地處曾榮獲模範社區，緊鄰中正湖、客家文物館，由屋外望去湖光山色美景天成。2.免費提供單車路線圖，讓您暢遊美濃7條單車漫遊路線。3.電視旅遊應援團，曾美譽為美聲民宿，為喜好音樂者，了解客家古樂、八音及山歌。4.異業結盟餐飲[以客為尊]，能應客人需求呈現 [辦桌]總鋪師方式為您打造不一樣餐飲(須電話預約)5.房間房型多樣化，乾淨整潔，有家的感覺，是本民宿最重要訴求。,高雄市美濃區福美路28號,886-7-6812736,nan,120.551216,22.913252,5600,5600
6051,高雄漢王洲際飯店,高雄星級歐式建築，並設有展覽空間，陳列多幅名畫及藝術品。有藝術酒店之美譽，前臨高雄港、旁依壽山與愛河，位在高雄港邊，緊臨捷運橘線02鹽埕埔站出口，樓高十五層、豪華套房197間及四層結婚喜宴廣場及會議展覽廳，設備典雅舒適貼心，可觀賞西子灣夕陽美景。,高雄市鹽埕區七賢三路98號,886-7-5313131,http://kingship.com.tw,120.281645,22.624885,6600,15800
6089,御宿汽車旅館楠梓館,位於高雄市的旅館,高雄市楠梓區興西路145號,886-7-3516699,nan,120.333224,22.728522,2800,2800
6104,函館汽車旅館,位於高雄市的旅館,高雄市左營區崇德路156號1-2樓,886-7-3490000,nan,120.306582,22.67433,6000,6000
6135,華城大旅社,位於高雄市的旅館,高雄市楠梓區加昌路273-2號,886-7-3612670,nan,120.313131,22.72087,700,700
6162,蘑菇屋民宿,位於高雄市的民宿,高雄市六龜區大津1-2號,886-7-7323856,nan,120.64894,22.880068,18500,18500
6166,華園大飯店草衙館,位於高雄市的旅館,高雄市前鎮區明正里27鄰中安路1號,886-7-9560555,http://www.hotelhg.com.tw/,120.33109,22.582489,2160,4800
6177,國際星辰旅館,潺潺浪漫的愛河，高雄國際星辰旅館傍著這條美麗的藍絲帶以壯麗典雅的外觀、舒適溫馨的精緻裝璜，待您來細細品味結合了現代時尚與古典文化精髓的新高雄。高雄國際星辰旅館位於高雄市最大的行政區為高雄老字號品牌之一，獨享高雄火車站及捷運高雄車站四通八達的地理優勢，城市光廊、新堀江商圈、六合觀光夜市、漢神百貨、大立精品百貨、駁二藝術特區、觀光碼頭區、英國領事館、高雄市電影圖書館、歷史博物館、高雄市音樂館、高雄市美術館 、漢神巨蛋百貨、瑞豐觀光夜市、愛河之心及工藝科學博物館在週遭環繞，西子灣與旗津風景區亦近在咫尺，隨時迎接您快意暢遊。舒適寬敞的各式客房擁有全新42吋液晶電視、恆溫式靜音冰箱、免費Wi-Fi及寬頻網路，提供商務人士及各地觀光旅人寧靜的休憩空間；當早晨和煦陽光灑落的同時，高雅清新的餐廳已嚴選當令新鮮食材，豐富健康的中西式自助早餐正準備寵愛您的味蕾，充沛您一天的活力!高雄國際星辰旅館以平實的價格與細心熱忱的服務人員秉持以客為尊的服務態度與親切誠懇的問候，滿足您家外之家的溫馨感受，是您觀光渡假或商務旅行的首選最佳優質旅館!,"高雄市三民區建國三路252之1號1,4-14樓",886-7-2163535,http://www.ncznhotel.com.tw/,120.289403,22.635892,5000,10000
6207,九福大飯店,位於高雄市的旅館　三星級,高雄市新興區民主路16號1-8樓,886-7-2872131,http://www.everluckhotel.com.tw,120.300389,22.633326,4620,8800
6215,亞力民宿,位在高雄六龜鄉南橫線要進入寶來溫泉區前有一間充滿布農族風味的民宿『亞力民宿』，這裡四面環山，四季氣候涼爽，是一處休閒渡假放鬆心情的世外桃源。一進入『亞力民宿』您會彷彿是來到自己家般的自在，前院的大花園、大大的活動客廳、大大的和式通舖，這是上帝賜的家…女主人總是這樣分享著…這裡有一顆熱誠的心讓您感受主人的熱情，來到這裡絕對不是只有住宿…皮雕ＤＩＹ、珠串ＤＩＹ、布農部落文化巡禮、夜遊生態、山訓活動、溫泉ＳＰＡ…等；亞力民宿都能給您滿滿的美好回憶。,高雄市桃源區建山巷86-2號,886-7-6882042,nan,120.684222,23.104656,1800,3000
6216,薇風情汽車旅館,位於高雄市的旅館,高雄市三民區自由一路179號,886-7-3236635,http://www.wemotel.com.tw/,120.308911,22.648967,9400,9400
6245,康橋商旅-高雄-三多衛武營館,位於高雄市的旅館,高雄市苓雅區三多一路94號(3-8F),886-7-7248800,nan,120.332766,22.623449,2180,12420
6274,麗莎旅舘,涵碧園汽車旅舘位於鳳山區郊區，以簡單、現代的簡約時尚風格呈現住客溫馨如家的享受，各式房間針對情侶的私密性、家庭的溫馨感、商務客的簡便需求等，均可滿足不同客群訴求。 　　親切的服務是給客人最深的第一印象，房間以暖色調的時尚色系為主，房內還有蒸氣浴室、按摩浴缸、遠紅外線躺椅設備，為一天的忙碌，取得一處閒適靜僻的休息空間。 　　當日入住還有自助式早餐可供住客使用，為您在一天的早晨提供滿滿的精神活力，也期盼能再次為您服務。,高雄市鳳山區鳳頂路547號,886-7-7553999,nan,120.362444,22.609889,1680,3280
6275,安迪旅館,位於高雄市的旅館,高雄市大寮區周廣街5號,886-7-7882933,nan,120.416913,22.590219,1800,3800
6297,鮪魚家族飯店鹽埕館,位於高雄市的旅館,"高雄市鹽埕區莒光街198,200號1-7樓",886-7-5215477,nan,120.285324,22.624546,6160,9240
6306,湖畔汽車旅館,位於高雄市的旅館,高雄市鳥松區鳥松里忠孝路21號,886-7-7352988,nan,120.363167,22.65778,3280,3280
6379,明誠日光精品旅館,位於高雄市的旅館,高雄市鼓山區龍勝路318號,886-7-5552366,nan,120.296025,22.660861,2600,3000
6416,方福苑時尚旅館,藍天商務旅館位於全台第二高大樓85大樓內的合法主題住宿，備有15間房型，最大容納人數為40人，有親子主題房、情侶房、家庭房、商務出差。國旅卡、安心旅遊。歡迎團體出遊、學校畢業旅行、公司行號長期配合。歡迎線上訂房或來電0928688738.0933167959.07-5665112,高雄市苓雅區自強三路5號14樓之1、2、3、5、 6、7、8、9、10、11、12、13、14、21、22、23,886-7-5665112,nan,120.300266,22.611728,2680,3280
6427,高雄統茂松柏大飯店,倍感辛勞的旅途中或許您已感受良多，閣下的蒞臨讓我們再為您安排一次完美的服務，安逸、殷勤、親切、貼心，無上的尊崇讓您引以為傲。,"高雄市新興區和平一路219號1,3,4,7-11樓",886-7-2232251,nan,120.317321,22.631789,3080,6380
6436,三多四季環保商旅,位於高雄市的旅館,高雄市苓雅區文橫二路6號12樓之1~19,886-7-3317979,nan,120.306724,22.615428,800,10000
6446,比歐緻居,位於高雄市的旅館,高雄市新興區中山一路14之26號,886-7-2817900,http://www.briohotel.com,120.30162,22.626159,11250,12550
6474,御宿商旅中山館,本館聘請最優秀室內設計大師團隊，以最好的軟硬體設施，專業化的經營理念，提供消費者最佳住的選擇，給您最新的感受、最高的享受，歡迎貴賓蒞臨! 御宿細節的用心、時尚的品味，以及超越傳統的奢華美感，給最尊貴的您最大的貼心服務。,高雄市苓雅區興中二路11-2號4-10樓,886-7-3348101,nan,120.303283,22.615191,8000,10000
6521,鴻來商務旅館,位於高雄市的旅館,高雄市三民區河北二路100號6樓,886-7-2852526,nan,120.297916,22.636593,1000,2000
6537,凱羅藝術大飯店,位於高雄市的旅館,高雄市三民區天祥一路68號1-7樓,886-7-3475800,http://www.karo.com.tw,120.322612,22.666896,3900,8800
6564,大鳳商務旅館,位於高雄市的旅館,高雄市大寮區鳳林三路357號3樓,886-7-7818822,nan,120.397413,22.602051,1200,1200
6567,布農星宿民宿,位於高雄市的民宿,高雄市桃源區寶山里寶山巷19-8號,886-7-7352259,nan,120.715222,23.039119,6500,9000
6572,濱線,位於高雄市的民宿,高雄市鼓山區麗雄街66號,886-7-5331242,nan,120.273598,22.62265,800,2000
6611,太陽旅館,位於高雄市的旅館,高雄市岡山區中山北路26號5~7樓,886-7-6235280,nan,120.299203,22.793787,700,1300
6633,御宿汽車旅館明誠館,位於高雄市的旅館,高雄市鼓山區龍勝路333號,886-7-5505501,nan,120.295775,22.660951,2200,2200
6643,空中城都會商務旅館,「85空中城」位於高雄85摩天大樓的第33層，擁有44間房間，距捷運三多商圈，百貨區約3分鐘，擁有得天獨厚的地標與最高樓層，坐擁世界級的海景、市景、夜景。交通便利且具有商業機能，可滿足您商務洽公、觀光旅遊購物、都會休閒等多元的需求。 本著國際企業的責任與專業，我們期望給我們的客戶帶來舒適、安全、環保、細心、貼心、豪華平價的服務。85空中城是一處您可以享受居住時尚品質及獲得最舒活自在時光的商閭,高雄市苓雅區自強三路5號33樓,886-7-5666111,http://www.85skycity.com,120.300268,22.611649,1800,10000
6688,城市商旅高雄真愛館,海霸王集團繼台北南西館、台北南東館、桃園航空館、台中五權館、礁溪楓葉館後另一鉅獻再度於高雄鹽埕區，推出城市商旅高雄-真愛館，以海洋元素為主要設計風格，秉持著現代、簡潔、時尚優雅風，讓您旅行時能找到生活裡單純的美好，體驗極簡的生活美學與住房享受。在真愛館可欣賞大樓林立的現代都市風貌，也可眺望海灣體驗大船入港的震撼，絕佳的視野讓您感受白天與夜晚不同的風貌，享受於港都城市中特別的住房體驗。全館共8個樓層、298間尊榮客房，每間約12坪舒適空間，低調且奢華的設計風格，絕佳的視野盡享海與山的視覺饗宴，海上郵輪的海景，日出日落的山景，寧靜低調的市景，所有景色一覽無遺。『高雄真愛館』讓住多了點藝文味，讓住多了點風格。讓休閒的旅客及商務人士們，體驗時尚又有人情味的住房服務。『高雄真愛館』藉由波浪的外牆，突顯了海的奧秘，五彩的繽紛，表現了住的精彩，從大廳明亮又樸實的設計到悠閒隨性的寬敞休憩空間，低調又舒適的客房燈廊。,高雄市鹽埕區大義街1號,886-7-5215116,http://www.citysuites.com.tw,120.286603,22.623914,9100,25200
6699,華大大飯店,位於高雄市的旅館,高雄市新興區六合一路158號8樓,886-7-2352352,nan,120.303418,22.633074,4000,5000
6820,西子灣汽車旅館,位於高雄市的旅館,高雄市鳳山區和平路36號,886-7-7482220,nan,120.35959,22.632009,2200,2200
6821,華宏大飯店,位於高雄市的旅館,高雄市三民區建國二路243號,886-7-2375523,nan,120.304634,22.637514,5000,10000
6832,樂逸旅居-七賢館,樂逸旅居位於高雄市區，交通樞紐心臟地帶，鄰近六合夜市商圈，交通非常便利。當走進時尚感設計中庭大廳，大師的氣魄佳作，巧妙融合新穎時尚風格，餐廳內水滴金屬與燈光的結合，讓餐廳用餐的朋友感受著海港高雄人的熱情。除了提供豐盛的早餐，附近商圈更是擁有完善的生活機能，細心熱忱的服務人員使您有賓至如歸的住宿感受. 亦有提供免費礦泉水、免費報紙提供、24小時商務中心、24小時自助洗衣、下午3點至晚上11點餐廳提供免費下午茶，並提供免費腳踏車租借、另幫客人代叫計程車服務。,高雄市新興區七賢一路513號1至7樓,886-7-2369818,http://www.lainn.com.tw/,120.30326,22.63443,11000,12000
6844,康橋商旅-六合夜市中正館,康橋商旅高雄六合夜市-中正館．正式通過高雄市政府觀光局審核之『高雄市優質旅館認證』標章。．榮獲民眾票選勝出，觀光局頒發之『台灣百大幸福旅宿』。．康橋商旅長期以穩定優良的品質為經營理念，　提供旅客及出差客更多乾淨舒適的住宿環境。,高雄市前金區中正四路112號2-8樓,886-7-2881166,https://www.kindness-hotel.com.tw/location-kaohsiung-zhongzheng,120.297999,22.630332,7200,11760
6851,美麗島庭園旅宿,位於高雄市的旅館,高雄市新興區六合一路158號4樓,886-7-2367996,nan,120.303256,22.633005,4000,6000
6884,河堤國際商旅,河堤國際商旅位於高雄小港國際機場旁，近高雄捷運R3小港站、高雄餐旅學校、旗津半島(過港隧道)、大坪頂、機場景觀咖啡、紅毛港文化園區、高字塔等景點。免費提供機場及捷運R3小港站接駁，不只是滿足商務出差需求，更是出遊旅客通往南台灣渡假聖地『墾丁』的最佳中繼站！客房時尚簡約又一應俱全，規畫多種房型選擇，提供最自在的休憩環境。秉持『溫馨舒適、關懷倍至』的服務信念，提供免費停車場、免費自行車租借、免費中西式自助早餐、自助洗衣房、免費WIFI上網、免費接駁，我們不放過每一點可以用心的環節。,高雄市小港區宏平路447號5-12樓,886-7-8038881,nan,120.356288,22.569694,5800,9000
6922,印水涵汽車旅館,位於高雄市的旅館,高雄市湖內區湖中路165號,886-7-6998800,nan,120.223904,22.905506,9960,9960
6931,日景園,位於高雄市的民宿,高雄市六龜區文武里光明巷37-1號,886-7-6891317,nan,120.637026,22.984007,2000,3600
6939,假期旅店,"大廳沙發休息區提供住客休憩與商務洽談使用，提供旅遊DM及免付費咖啡讓您放鬆享受悠閒的閱讀時光。,",高雄市新興區中正四路72號,886-7-2887751,nan,120.299239,22.630673,1980,6600
6947,雲海精品旅館,位於高雄市的旅館,高雄市苓雅區自強三路5號13樓之1、2、3、5、6、7、8、9、11,886-7-5666560,http://www.85blueocean.com/,120.300266,22.611728,5800,5800
6950,背包客四一旅館,位於高雄市的旅館,"高雄市苓雅區四維三路261巷37,39號1-4樓",886-952-612212,nan,120.304362,22.616135,500,2500
6960,雅泊汽車旅館,雅博泊特(雅泊)汽車旅館位於高雄市鳥松區，鄰近澄清湖、長庚醫院、高爾夫球場與澄清湖棒球場，環境幽雅，兼具清幽僻靜與交通便利雙重優勢，絕對是您商務、休旅的第一選擇。,高雄市鳥松區忠誠路105號,886-7-7323300,http://www.harportmotel.com,120.359011,22.657089,3600,12000
6961,鈺陽鴻旅館,位於高雄市的旅館,高雄市三民區建國三路185號1至9樓,886-7-2865151,nan,120.295647,22.637738,800,8800
6976,天闊綠大地,位於高雄市的民宿,高雄市六龜區新發里新開62-10號,886-7-6791155,nan,120.67518,23.051436,2500,3000
6980,中和旅社,位於高雄市的旅館,高雄市三民區建國三路41號,886-7-2863436,nan,120.30118,22.637551,500,500
6991,花鄉商旅,高雄花鄉商旅位於高雄左營區左營大路最熱鬧的商圈上，步行1分鐘，離左營高鐵站車站車程15分鐘，在左營大路上有許多美味可口且歷史悠久的老店，例如：南昌包子、真口味烤鴨莊、榕園餡餅粥、金華酥餅、上海醉雞、劉家酸菜白肉鍋、三牛牛肉麵、、、等，可說是美食雲集的地方。      而鄰近遠近馳名的瑞豐夜市車程15分鐘，瑞豐夜市可說是高雄最大規模管理最優質的夜市，裡頭的攤位超過一千個，賣的東西五花八門，小吃不但是平價還非常可口，更讓人垂涎欲滴，回味無窮，不乏美食節目來採訪。      步行十分鐘的蓮池潭商圈，每年10月份舉辦萬年季，原本只是左營當地廟宇的慶典活動，但近年來經過地方人士、文史工作者、宗教界以及高雄市政府大力推動之下，目前成為與高雄燈會並列最能代表高雄市活動之一，鄰近景點有孔廟、啟明堂、春秋閣、五里亭、龍虎塔、、、等，為蓮池潭增添不少熱鬧景象，形成左營著名寺廟觀光勝地，且聚集各式特產小吃店，非常熱鬧，蓮池潭每屆晨昏、水霧濛濛，池畔景色秀麗若隱若現，有一種難以言喻的神祕感。      高雄花鄉商旅精心打造高雅舒適的高雄住宿環境，提供前來洽辦商務、觀光人士一處溫馨如家，可以徹底放鬆身心的休憩場所，高雄花鄉設置豪華商務兩人房，精緻商務兩人房，典雅商務兩人房，溫馨家庭房等房型。本館提供自助洗衣烘乾機，休閒上網區，客房免費光纖上網(需自備電腦)，Wi-Fi無線上網，代客叫車服務，並依住宿人數附贈美味可口營養早餐，客房內設備以商務為主，並提供以客為尊的服務品質，住房價格平實，讓旅客享受物超所值的住宿氛圍及高級窩心服務，呈現一種高雄旅館住宿風格，讓旅客住宿經驗如花鄉一般，花鄉旅館誠摯邀請您的大駕光臨。,高雄市左營區左營大路22號2-4樓,886-7-5882797,nan,120.288109,22.680836,1680,6200
7028,捷絲旅高雄中正館,「捷絲旅高雄中正館」以音樂風格為設計主軸，內部空間設計兼具時尚音樂風格與實用功能。本館臨近高雄捷運技擊館站、衛武營國家藝術文化中心及武廟夜市，將 提供旅人不同凡響的旅宿體驗。,高雄市苓雅區中正一路134號,886-7-9723568,http://www.justsleep.com.tw/kaohsiuang/sh/index,120.331895,22.628366,1950,11700
7032,瑞城別館,位於高雄市的旅館,高雄市三民區建國三路36號,886-7-2865761,nan,120.300448,22.63796,1880,3000
7046,凱麗賓館,位於高雄市的旅館,高雄市岡山區民有路1號9-12樓,886-7-6232563,nan,120.299077,22.792332,1330,1330
7065,永富大旅社,位於高雄市的旅館,高雄市鳳山區忠義街14號,886-7-7463413,nan,120.35576,22.627979,500,500
7081,高雄富野渡假酒店,位於高雄市的旅館　三星級,高雄市前鎮區瑞田街99號,886-7-8215299,http://www.hoyaresort.com.tw,120.320509,22.598249,2380,14080
7086,聖亞哥旅館,聖亞哥商務旅館位於四季如春、陽光和熙的高雄港都，地處高雄市中心鄰近六合夜市，交通極為便利，無論是到高雄港、西子灣、旗津、統一夢時代、瑞豐夜市等風景勝地，都可暢遊無阻。 樸實的外表下，有著別於一般旅館的內涵，讓旅遊、出差洽商或想片刻休憩的您，有著寧靜舒適的空間。聖亞哥旅館免除了您舟車奔波之苦，也是您計劃中休息觀光絕佳的好住處。 聖亞哥旅館座落於高雄市中心六合路、明星街，到高雄火車站、客運站只要五分鐘，至小港機場僅需十五分鐘，地點適中、交通方便、緊鄰聞名全台的六合觀光夜市，各式風味小吃、應有盡有。,高雄市前金區明星街155號,886-7-2862933,nan,120.296325,22.632517,5600,9100
7092,山水炎民宿,位於高雄市的民宿,高雄市六龜區中興里尾庄55之2號,886-7-6895257,nan,120.648452,22.980834,1800,1800
7121,御宿汽車旅館建國館,位於高雄市的旅館,高雄市苓雅區建國一路155號,886-7-7261200,nan,120.328884,22.632725,2000,2000
7145,璟宸商務旅館,位於高雄市的旅館,高雄市楠梓區隆昌里軍校路800號8樓,886-7-3651333,nan,120.292694,22.710474,1060,1700
7215,星行旅,位於高雄市的旅館,高雄市新興區六合一路182號2至4樓,886-7-2363555,nan,120.302622,22.633174,4800,7000
7221,承攜行旅學產文教會館高雄美術館,《哲園學產文教會館》是一間深具多元文化與國際化的文藝旅宿會館，以創新、公益與文教藝術三大領域為發展主軸，透過國際非營利組織及藝術家的合作，讓國內外旅客、國際壯遊青年在旅行中能參與各種文化交流活動，拓展國際文化視野，共享美好經驗。,高雄市鼓山區中華一路453號,886-7-5537520,nan,120.292249,22.656268,6720,13720
7233,松柏林民宿,位於高雄市的民宿,高雄市六龜區興龍里3鄰土壟37-8號,886-7-6891010,nan,120.657059,23.005419,5980,5980
7261,威尼斯汽車旅館,威尼斯是少數位於高雄市區的汽車旅館，交通方便四通八達，走路數分鐘即可抵達充滿美食的光華夜市和充滿文化氣息的文化中心，附近更是有國際知名的吳寶春跟莎士比亞麵包店可以當伴手禮，還有鄰近的忠孝夜市＆三多商圈，讓您在購物遊玩之餘同時享受高雄當地的美食。,高雄市苓雅區學源街40號,886-7-9665858,nan,120.315253,22.61979,1680,4480
7281,月光山林,自然是最適合居住的環境，一個最接近自然、減壓的地方。我們採用自然農法，堅持自栽自種山林野菜，並研發各式香草料理，保留香草最吸引人的原味精華。我們的建築是一座現代化的三合院，原木建構鄉村民宿，原木芬多精洗滌一身的疲勞。,高雄市杉林區桐竹路209號,886-7-6772586,http://www.moonlight.com.tw/,120.530882,22.934084,5600,6300
7309,麗尊大酒店,關於麗尊創辦人精神創辦人李總裁登木博士的藝術文化堅持與公司治理理念為企業核心文化紮根。擁藝術、建築與商業背景，自始融貫與生俱來對於企業經營的敏銳度與藝文的見地，建立人文、服務、美學、設備兼具的五星級飯店，目的即是以客為尊，並打造充滿藝術文化氣息的生活空間，賓客們皆可與古董、名畫等藝術品邂逅於大廳、客房廊道或意想不到的地點。  建築美學麗尊酒店外觀以「尊」（古字同『鐏』）為設計靈感，即為古代帝王飲酒器具，取其外型做樓頂造型，以示企業尊客及尊才精神。建材使用花崗石古堡城牆丁掛工法，突顯尊榮大方，主牆以義大利工藝風格，使用四種色調之日本進口珍珠粉光馬賽克磚貼砌，隨一天的光源角度變化色澤。  空間美學酒店大廳主要以簡雅內斂的現代新古典與裝飾藝術風格呈現，整體空間使用大理石地舖、楓木並融合間接燈源，搭配眾多館藏藝術品點綴。十米挑高中庭利用鐵件與玻璃設計出充滿現代感之大型吊掛裝置藝術，與二樓餐廳區隔卻而光影間相呼應；大廳牆面，掛有創辦人李總裁登木博士親手操筆的巨幅畫作「心相」及「俯瞰大地」抽象油畫，更加襯托寬敞氣派的大廳空間。榮耀麗尊2009 世運會首選飯店、JAL 日本航空指定飯店、2008 環保旅館優選、UTELL 品味精選飯店、文化局認證之行動美術館、榮獲觀光局5星評定、2014榮獲Agoda金環獎、2015TripAdvisor前25大豪華飯店、2016 TripAdvisor 旅行者之選(Travellers&#39; CHOICE Award)。,高雄市苓雅區五福一路105號,886-7-2295000,http://www.thelees.com.tw/,120.313795,22.627124,8800,118800
7340,花鄉商旅左營館,高雄花鄉商旅位於高雄左營區左營大路最熱鬧的商圈上，步行1分鐘，離左營高鐵站車站車程15分鐘，在左營大路上有許多美味可口且歷史悠久的老店，例如：南昌包子、真口味烤鴨莊、榕園餡餅粥、金華酥餅、上海醉雞、劉家酸菜白肉鍋、三牛牛肉麵、、、等，可說是美食雲集的地方。    而鄰近遠近馳名的瑞豐夜市車程15分鐘，瑞豐夜市可說是高雄最大規模管理最優質的夜市，裡頭的攤位超過一千個，賣的東西五花八門，小吃不但是平價還非常可口，更讓人垂涎欲滴，回味無窮，不乏美食節目來採訪。    步行十分鐘的蓮池潭商圈，每年10月份舉辦萬年季，原本只是左營當地廟宇的慶典活動，但近年來經過地方人士、文史工作者、宗教界以及高雄市政府大力推動之下，目前成為與高雄燈會並列最能代表高雄市活動之一，鄰近景點有孔廟、啟明堂、春秋閣、五里亭、龍虎塔、、、等，為蓮池潭增添不少熱鬧景象，形成左營著名寺廟觀光勝地，且聚集各式特產小吃店，非常熱鬧，蓮池潭每屆晨昏、水霧濛濛，池畔景色秀麗若隱若現，有一種難以言喻的神祕感。    高雄花鄉商旅精心打造高雅舒適的高雄住宿環境，提供前來洽辦商務、觀光人士一處溫馨如家，可以徹底放鬆身心的休憩場所，高雄花鄉設置豪華商務兩人房，精緻商務兩人房，典雅商務兩人房，溫馨家庭房等房型。本館提供自助洗衣烘乾機，休閒上網區，客房免費光纖上網(需自備電腦)，Wi-Fi無線上網，代客叫車服務，並依住宿人數附贈美味可口營養早餐，客房內設備以商務為主，並提供以客為尊的服務品質，住房價格平實，讓旅客享受物超所值的住宿氛圍及高級窩心服務，呈現一種高雄旅館住宿風格，讓旅客住宿經驗如花鄉一般，花鄉旅館誠摯邀請您的大駕光臨。,高雄市左營區左營大路22號5-7樓,886-7-5882797,nan,120.288109,22.680835,1580,6200
7366,喜迎旅店,Greet Inn 坐落於高雄市中心位置的六合二路，步行約 2 分鐘可抵捷運市議會站 (舊址)、步行 6 分鐘到六合觀光夜市、步行 10 分鐘內即可抵達高雄著名景點—愛河交通、生活機能便利，雖位於鬧區卻鬧中取靜。外觀為15層樓高的獨棟建築，一眼望去大器沉穩，全館的設計融入工業與復古元素，營造如居家般的舒適與溫馨，展現空間的通透性及明亮採光加入濃厚港口意象的貨櫃加以點綴，使旅客能身歷其境的感受到高雄港都的人文藝術。客房色調簡約卻不失質感，大面採光的落地窗為整體設計中的一大特色窗外的喧鬧及房內的溫馨閒適形成美妙的對比，即是 Greet Inn 喜迎旅店迷人之處。,高雄市前金區六合二路161號,886-7-2312333,http://greetinn.com.tw,120.294802,22.630511,9200,10200
7417,大都會酒店,位於高雄市的旅館,高雄市三民區大昌二路266號8、11、13-17樓,886-7-3898899,nan,120.332159,22.646025,2200,30000
7423,苓雅大飯店,苓雅大飯店是位於高雄市中心的平價商務旅店，鄰近自強夜市、漢神百貨、三多商圈捷運站、高雄最高大樓 - 85大樓；駁二藝術特區文化之旅、夜遊愛河美景、萬壽山欣賞高雄夜……；來店住宿即享有免費中、西式自助早餐及免費停車服務，商務洽公、旅遊休憩，苓雅大飯店絕對是您第一選擇。,高雄市苓雅區四維四路69-1號,886-7-3341211,nan,120.298777,22.615272,3000,4000
7503,樂逸文旅-六合夜市棒球館,樂逸文旅－六合夜市棒球館位於高雄，以生動活潑的風格設計，配有棒球裝飾。全館提供免費 WiFi。客人可由捷運美麗島站和六合觀光夜市輕鬆漫步至飯店。由飯店前往高雄火車站有 10 分鐘車程。對於藝術、設計和當地歷史有興趣的客人，由飯店前往國立科學工藝博物館、高雄市立歷史博物館和駁二藝術特區有 10 分鐘車程。,高雄市新興區南華路136號,886-7-2365500,http://www.lahotel.com.tw,120.303097,22.633352,8000,13000
7545,御宿商旅後驛館,本館聘請最優秀室內設計大師團隊，以最好的軟硬體設施，專業化的經營理念，提供消費者最佳住的選擇，給您最新的感受、最高的享受，歡迎貴賓蒞臨!,高雄市三民區遼寧一街458號,886-7-3115008,nan,120.303325,22.642711,8000,10000
7560,寓旅宿,"「寓‧旅宿 Apato Home」以乾淨整潔做為基本訴求，溫馨舒適的套房皆由主人精心佈置，運用不同的裝潢及擺設給您從未有過的精緻住宿體驗。每間客房更採用了大片落地窗及小陽台，將窗外的光線引領入室。「寓‧旅宿 Apato Home」緊鄰熱鬧的三多百貨商圈、夢時代、愛河與城市光廊。周邊擁有在地小吃自強夜市及知名美食、高雄圖書總館、展覽館和輕軌站更比鄰而居,步行約7分鐘到R8捷運站將可前往駁二、旗津、六合夜市、西子灣等地區。寓‧旅宿 Apato Home的細心和用心，全都是要讓您能在充滿溫馨與獨具風格的環境空間裡親自蒞臨感受，同時感受家與旅居生活的新鮮感。除了要讓您感受到與眾不同的「溫馨感」，其平易近人的價位設定，也將會讓您更心動滿意。",高雄市苓雅區自強三路94號,886-7-2696985,http://www.apatohome94.com,120.299825,22.614042,3520,5060
7565,康橋商旅一高雄站前館,康橋大飯店－高雄站前館距離高雄火車站步行僅 4 分鐘，提供舒適的住宿體驗以及便利的交通機能，便於客人前往城市各區遊覽。全館提供免費 WiFi。飯店距離高鐵左營站和高雄國際機場有 20 分鐘車程，距離新堀江購物商圈僅 8 分鐘車程，距離瑞豐夜市則有 13 分鐘車程。客房都設有空調、電視、衣櫥和辦公桌。私人浴室中設有淋浴，也提供吹風機和免費盥洗用品。康橋大飯店－高雄站前館設有 24 小時服務的前台和觀光旅遊櫃檯，也提供行李寄存服務和免費停車。,高雄市三民區建國二路295號1、2、4至11樓,886-7-2386677,http://www.kindness-hotel.com.tw,120.303012,22.637572,2880,15860
7616,春吉大旅社,位於高雄市的旅館,高雄市旗山區復新東街6號,886-7-6613816,nan,120.483473,22.884912,500,500
7628,高雄商旅,高雄商旅隸屬為寒軒餐旅事業集團旗下飯店，位居高雄都會商業中心，距火車站及機場僅15至25分鐘車程，捷運站近在比鄰。全館採時尚都會風格設計，共有167間雅緻客房，館內並設置有商務休閒中心、會議場地、餐廳等設施，提供商務人士及各地旅人寧靜的休憩空間，從心出發的體貼設計，給您回家的溫馨感受。,"高雄市新興區民族二路33號1,4-10樓,37號1,3-10樓",886-7-2221333,http://www.han-hsien.com.tw/urban/index.php,120.312888,22.629666,5000,12000
7632,河畔文旅,高雄河畔文率位於高雄市鹽埕區愛河旁，群登商務大飯店鄰近高雄景點有高雄市立歷史博物館、愛河、駁二藝術特區、市立電影圖書館、高雄市立音樂館，歡迎您來高雄玩。 高雄河畔文旅竭誠的邀請您的光臨！,高雄市鹽埕區府北路50號2-9樓,886-7-5511666,nan,120.285527,22.629389,5000,6000
7643,三華大飯店,高雄捷運「信義國小站」1號出口徒步5分、紅線「美麗島站」10號出口徒步10分；橘線不轉車前往愛河4分、駁二特區6分、西子灣8分。每日早晨由餐廳工作人員用心製做的熱騰騰、豐盛的美味活力早餐，準備了熱湯、麵包、沙拉、稀飯小菜、中西式佳餚、咖啡等自助式餐點。位於高雄市中心，安全、溫暖又舒適的飯店，用心與真誠的服務，期待各位貴賓的蒞臨。,高雄市新興區六合一路92號3-10樓,886-7-2392222,nan,120.308424,22.63267,4500,8000
7655,心園旅社,位於高雄市的旅館,高雄市湖內區湖內里中山路一段59號,886-7-6938352,nan,120.252263,22.878029,500,500
7678,旅捷商務旅館,旅捷商旅位於三多商業區，距離高雄展覽館和新光碼頭 10 分鐘步行路程，提供免費 WiFi.旅捷商旅距離捷運三多商圈站和高雄大遠百僅 6 分鐘步行路程，距離高雄火車站 3 站捷運車程，距離高雄國際機場 5 站捷運車程，距離台灣高鐵左營站 20 分鐘車程.每間客房均設有獨立式空調、衣櫃、平面電視、電熱水壺和冰箱，衛浴屬乾濕分離設置、免費盥洗用品和吹風機.服務櫃台工作人員可為住客提供行李寄存服務以及旅遊資訊.,高雄市苓雅區三多四路63號17樓之5,886-932-551620,http://www.ljhotel.com.tw,120.301689,22.613098,5880,6720
7693,國星大飯店,無論您是因為出差或度假而造訪高雄，國星大飯店都會是您最佳住宿選擇。在這裡，旅客們可輕鬆前往市區內各大旅遊、購物、餐飲地點。飯店位於六合觀光夜市、漢神百貨、高雄醫學大學附設中和紀念醫院的不遠處，遊客們在旅遊觀光時大可不必捨近求遠。國星大飯店的一流設施和優質服務能確保提供客人一個愉快的住宿，飯店的主要設施有24小時客房服務、電梯、會議室、吹風機、冷氣、無線上網、寬頻網路、停車場等一流的客房設施幫助您掃除一整天的疲勞。除此之外，飯店各種娛樂設施一定會讓您在留宿期間享受更多樂趣。想在高雄尋找舒適又方便的飯店，就一定要考慮國星大飯店，能帶給您賓至如歸的感覺。,高雄市三民區同愛街79號2-5樓、81號1-6樓,886-7-2873101,nan,120.300561,22.637524,3000,6600
7735,南海大飯店,"南海商務飯店位於高雄市前金區，周遭著名景點：城市光廊 , 高雄捷運中央公園站 , 高雄文學館 , 愛河河畔 , 大立百貨公司 , 大立精品館 , 漢神百貨高雄店 , 愛河連接蓮池潭自行車道 , 台灣醫療史料文物中心…南海商務飯店 地址：80141高雄市前金區新盛一街10號訂房專線: 07-2870191體驗文藝復興中的高雄文化，南海商務飯店給你最經濟實惠的深度旅遊。提供您整潔、實惠的住宿環境，無過多奢華的裝飾，但更多實在的價值。讓您白天暢遊高雄，夜晚充分休憩補充隔日動能。佔盡高雄市中心三大捷運優勢，到哪都便利，絕對適合愛走愛玩的休憩族群。三大捷運站市議會站、美麗島站(捷麗島站光之穹頂，還獲選世界第二美麗的車站)、中央公園站皆在步行五到十分鐘路程內。南海商務飯店備有免費停車場，供開車的朋友安置愛車。提供免費美味實惠的自助式早餐，讓住宿房客享用(餐廳用餐時間：07:00~09:00)周遭吃、喝、玩、樂設施樣樣齊全，銀行、網咖、超商、KTV、公園、洗衣店、六合夜市、新崛江商圈、大立精品館商圈等…只需五至十分鐘步行行程，真正方便、輕鬆又無負擔的遊玩樂趣。",高雄市前金區新盛一街10號,886-7-2870191,nan,120.296652,22.630278,4000,8000
7847,適達星旅店,位於高雄市的旅館,"高雄市新興區南華橫一路14號1樓,夾層,2樓",886-7-2352687,nan,120.304088,22.633686,4800,4800
7872,陽明汽車旅館,位於高雄市的旅館,高雄市三民區褒揚街189號,886-7-3891197,nan,120.340454,22.640985,1580,5040
7914,康橋商旅-高雄-光榮碼頭館,"康橋商旅 光榮碼頭館觀光局頒發之星級旅館『三星級旅館』。康橋商旅長期以穩定優良的品質為經營理念，提供旅客及出差客更多乾淨舒適的住宿環境。靠近光榮碼頭、漢神百貨、愛河畔、電影圖書館、駁二藝術特區、自強夜市、青年夜市等熱門旅遊地。本館提供乾淨清新的住宿環境，親切友善的服務以及平實的價格，是您出差旅遊的首選。◎免費早餐供應◎免費自助洗衣服務 ◎免費停車場停車(車位數量有限) ◎商務中心免費無限上網 ◎全館裝設無線寬頻網路,免費使用",高雄市苓雅區青年二路169號,886-7-3343377,http://www.kindness-hotel.com.tw,120.295154,22.617527,2080,11760
7929,翰品酒店 高雄,翰品酒店高雄是台灣第一連鎖旅館品牌「雲朗觀光」專為商務人士打造的國際級精品酒店。座落於鹽埕區，鄰近愛河、駁二藝術特區、歷史博物館、電影館，搭捷運從鹽埕埔站2號出口步行只要兩、三分鐘即可抵達飯店。飯店位居市中心，交通便捷，不論是連結到高鐵左營站、小港國際機場、火車站或高速公路交流道都相當快速便利。        全新開幕的翰品酒店高雄，集結眾多菁英設計師，分別以不同創意、特色風格及專業技術，打造外觀、公共區及客房。152間全新時尚精緻客房與套房，以兩種不同氛圍設計呈現獨特風格，展現全新現代都會及摩登高貴氣質。 酒店提供各式美食，三樓「港都茶樓」以道地港式飲茶聞名，深獲饕客喜愛。一樓「品」日式料理集結握壽司、壽喜燒與涮涮鍋於一廳，二樓貴賓廂房供應各式精緻中式料理，以及風格時尚，提供各式點心與飲品的七樓VIP Lounge讓您在旅途中獲得舒適的小憩空間。另有功能齊全的商務中心及氣勢宏偉的會議空間，提供您商務、觀光住宿、美食更多元的選擇。,高雄市鹽埕區大仁路43號1-11樓,886-7-5217388,http://kaohsiung.chateaudechine.com/zh-tw,120.285755,22.624921,9600,60000
7931,湖美茵/快樂/天然,位於高雄市的民宿,高雄市美濃區中山路2段782巷52號,886-7-6817828,nan,120.511167,22.893902,2500,2500
7948,花鄉旅館大寮店,本旅館位處於高雄市大寮區，鄰近大發工業區、和春技術學院、捷運橘線大寮站，離小港國際機場20分鐘，交通十分便捷，銜接東西向88快速道路及台一線是往屏東、小琉球、墾丁之觀光樞紐。為了體貼您的辛勞，精心設計了最舒適、溫馨，服務最親切的住宿休憩園地，讓您暫時遠離繁忙塵囂的生活，是您休閒、旅遊、出差洽公的最佳選擇。,高雄市大寮區翁園里光明路三段397號,886-7-7813752,nan,120.411948,22.622276,1800,7000
7955,大明大旅社,位於高雄市的旅館,高雄市鳳山區海洋一路40號,886-7-7658999,nan,120.342629,22.60976,400,400
7964,義大天悅飯店,1. 接受國際信用卡消費   2. 旅行支票及外幣兌換(此項服務限房客)   3. 提供傳真、影印、快遞、郵寄、保險箱、個人衛生用品等服務   4. 代客預訂服務有客房視障按摩、計程車、接駁巴士、旅遊導覽行程等   5. 提供樓層及公共區域免費Wi-Fi 網路連線使用   6. 提供旅遊諮詢與行程規劃(1樓大廳櫃檯右側)   7. 無障礙空間   8. 哺乳室(1樓大廳女廁)   9. 室內兒童遊戲區(飯店大廳右側，悅宴廳對面)   10. 公共電話(悅宴廳包廂左側)   11. 自動櫃員提款機(悅宴廳包廂左側)   12. 商務中心(若有需要請洽服務中心)   13. 地下停車場   14. 輪椅、嬰兒車出借 (視現場實際數量而定，如有需要，可事先預約)   15. 行李寄放(此項服務限房客),高雄市大樹區義大八街100號,886-7-6568010,http://www.edaskylark.com.tw,120.401191,22.730615,10800,16800
7976,歐遊國際連鎖精品旅館(高雄館),歐遊國際連鎖精品旅館集團為台灣地區規模最大之連鎖精品旅館，並榮獲觀光局頒發旅館評鑑最高榮譽三星級肯定，為國內精品旅館業龍頭業者，從300坪的總統級套房到商務級 套房，遍佈全台灣的12家連鎖據點全年無休隨時為南來北往的旅客提供奢華、舒適、衛生、隱秘的住宿休息服務。,高雄市苓雅區建國一路73號,886-7-7493333,http://www.allurmotel.com,120.337554,22.629985,12800,38800
7978,愛之旅商務汽車旅館,位於高雄市的旅館,高雄市岡山區岡山北路152號,886-7-6245599,nan,120.280329,22.812664,1500,5200
7989,國眾大飯店,國眾大飯店座落於高雄市繁華商業區，緊鄰電腦大賣場、長明街服飾批發中心、六合夜市等，各級客運、捷運、火車站近在咫尺，交通十分便利。不論是搭乘大眾運輸系統或者自行開車都相當方便。旁邊有汽車級機車出租，是商務旅遊的最佳休憩選擇。本飯店擁有舒適雙人房、三人房、四人房及六人房等豪華套房，另外全館備有免費wi-fi無線上網、免費自助洗衣及停車場。客房備有羽絨被、液晶電視、冰箱、衛浴設備等!可刷國民旅遊卡，歡迎您的蒞臨，讓我們以最誠摯的心為您服務!,高雄市三民區建國二路268號,886-7-2370117,http://www.nice-hotel.com.tw/about-us.html,120.304646,22.637862,1480,6080
7999,水京棧國際酒店,H2O水京棧國際酒店(Home and 2nd Office)。座落北高雄市中心，完善的生活機能及交通系統，運用頂級豪華的建材、營造時尚的氛圍、細緻入微的五感服務，使每位貴賓感受溫馨的第二個家及舒適辦公室的住宿＂心＂體驗。,高雄市鼓山區明華路366號,886-7-5537001,http://www.h2ohotel.com.tw/zh-tw,120.302263,22.662978,12500,100000
8001,永傑旅館,永傑旅館成立於民國88年，本館位於高雄市大寮區，鄰近有澄清湖、佛光山、大樹舊鐵橋、衛武營都會公園、鳳山體育館、陸軍官校與中正預校，僅有10分鐘車程；距離捷運站、火車站只需5分鐘，高雄小港國際機場需20分，高雄市中心只有15分鐘車程，開車至青年觀光夜市、鳳山夜市只有10分鐘車程，附近環境相當熱鬧且交通也非常便利，是一個來高雄出差，自由行旅遊住宿的絕佳選擇。本館內備有無線上網設備，讓你外出洽公能時時刻刻掌握商機，全家出遊時能掌握資訊，讓你住宿本館時能拋開世俗的煩惱，帶著愉快心情回家。經營永傑旅館12年曾二次榮獲台灣省商業會，高雄縣商業會頒發優良商店，暨高雄縣衛生局頒發97年度旅館業自主衛生管理合格標章，榮獲高雄縣98年旅館業自主衛生管理優良評鑑「特優旅館店」，使來店客人更加對本旅館信賴，本店將給顧客更舒適，服務至上使來者有賓至如歸之感覺。,高雄市大寮區中庄里仁愛路126號,886-7-7012021,nan,120.395024,22.634547,2600,3200
8075,御宿商旅明華館,本館聘請最優秀室內設計大師團隊，以最好的軟硬體設施，專業化的經營理念，提供消費者最佳住的選擇，給您最新的感受最高的享受歡迎貴賓蒞臨!御宿旅館集團關心您住的品質，期待每位貴賓蒞臨惠顧!,高雄市鼓山區明華路257號,886-7-5222658,nan,120.299091,22.665106,3600,5000
8079,花季度假飯店,大崗山北麓天然湧泉，遠離塵囂，浸潤身、心、靈的泡湯好地方～花季度假飯店整體占地近7000餘坪，涵蓋有養生、藝術與文化等三大主題推動泡湯觀光，休閒設施包括出雲風呂大眾裸湯、玉蘭軒湯屋、賞花建康步道、KTV歡唱廳、書坊、童心室等..；飯店秉持提倡慢活住宿概念，不論是客房湯池與大眾風呂都能享受自然湧泉的原湯滋潤。餐飲方面，食堂中餐廳使用台南、阿蓮、田寮週邊地區特色季節性食材，搭配主廚創意料理手法，以精緻中式套餐型式，提供味蕾完美的享受。覓堂餐廳是一處結合陽光、水流聲、花香綠意、輕瀑的風味茶屋。輔以各式優質茶品、咖啡與100%鮮果汁搭配輕食，是恬靜午後時光與享受美食的聖地。飯店內還有可容納約110人的食堂大廳，優質會議首選的百合廳，先進齊全的設備，配合主題會議茶點，依不同的開會型態，都能滿足需求。全館30間精緻客房，平均16坪以上的客房空間均備有獨立泡湯池，乾、濕分離的衛浴設計，將泡湯、賞景作最完美的結合的，住房的每一口深呼吸都是健康的氣息。此外，飯店週邊擁有聞名全台的「月世界」聖地、歷史悠久超過三百年的超峰寺、二寮美景日出、朝元寺一線天與旗山老街，豐富的旅遊景點，是全齡層皆適合的歡樂所在。,高雄市田寮區南安里崗北路111號,886-7-6362288,http://www.springhill.com.tw,120.357229,22.875632,15180,19800
8118,新崛江商旅,位於高雄市的旅館,高雄市苓雅區林森二路73號1-8樓,886-7-3386238,nan,120.306339,22.620599,4000,11200
8131,藤枝民宿山莊,位於高雄市的民宿,高雄市桃源區寶山里寶山巷146號,886-7-6895116,nan,120.755344,23.06735,1600,4000
8138,三多大飯店,高雄三多大飯店店位於高雄市三多三路上，距離高雄火車站、小港機場、高雄捷運站約15分鐘車程內，交通十分便利。堅持服務與用心是對高雄三多大飯店顧客的承諾，高雄三多大飯店採用平實的價格來回饋給顧客，細心的為您協助旅遊的行程規劃與其它的商務服務，您的再次造訪將是對於高雄三多大飯店的最佳鼓勵。,高雄市前鎮區三多三路107號,886-7-3323210,nan,120.311172,22.616031,3400,4200
8168,金馬大飯店,位於高雄市的旅館,高雄市新興區河南二路12號,886-7-2865141,nan,120.300847,22.636623,1800,3000
8173,芳賓大旅社,位於高雄市的旅館,高雄市三民區河北二路2號,886-7-2883181,nan,120.301893,22.636899,500,800
8190,首福大飯店,位於高雄市的旅館　三星級,高雄市新興區民主路12號,886-7-2870151,nan,120.300693,22.633439,6600,11000
8192,義大皇家酒店,義大皇家酒店，環抱觀音山是全台唯一結合休閒度假飯店、大型購物商場、主題遊樂園和藝術生態於一體的多元化渡假休閒勝地。 雖坐擁名山勝地，交通便捷，緊鄰高雄市區，距離高鐵站20分鐘車程。飯店擁有656間(含睡眠中心)各式高級客房、5間中西料理餐廳、20間多功能會議及宴會場地、兒童俱樂部及時尚水療設施，亞洲唯一的“夢之湖”高科技影音聲光秀。 而多元化的房型選擇，可以滿足不同的住宿需求，結合環保意識的綠建築，提供您永續度假的小小體貼心意。每間房都特別設計獨立陽台，盡覽美麗風光，房內並備有液晶電視、免費網際網路、乾濕分離衛浴等現代化設施，以及舒適寬敞的客房設計讓賓客身心得以徹底放鬆。此外，住宿於皇家貴賓樓層，您可以享受到我們為您準備的各項禮遇及專屬服務。 兩千坪以上的休閒設施包羅萬象，在放鬆的氛圍中提供絕佳的健康體驗。設施包括：健身房、三溫暖、皇家E Spa、時尚水療、戶外親子戲水區、網球場及專為兒童規劃的兒童俱樂部等。斥資上億打造的“夢之湖”，震撼的聲光水影絢麗舞動，是戶外派對、時尚秀及浪漫婚禮舉辦的絕佳場地。 飯店的兩間大型宴會廳各可容納六百多人，是大型聚會、活動的最佳選擇。另外飯店提供貼心的專業婚禮策劃服務，專業的皇家婚禮經理將會為即將步入結婚殿堂的新人們打造一場別開生面的結婚慶典，締造賓主盡歡的成功宴席。,高雄市大樹區三和村學城路1段153號,886-7-6568111,http://www.edaroyal.com.tw,120.402085,22.730294,11000,200000
8209,鮪魚家族飯店高雄館,鮪魚家族飯店高雄館位於高雄火車站前，鄰近高鐵、捷運及火車站三鐵共構之交通樞紐，交通便利及國道客運車次密集，距離機場15分鐘車程，離高鐵左營站10分鐘車程，市內捷運近在呎尺，可讓您輕鬆到高雄任何著名的風景區如世運主場館、漢神小巨蛋、蓮池潭，鹽埕區、旗津渡船口、愛河畔、遠近馳名的六合夜市更是步行5分鐘即可到達，高雄的電腦街，手機街，亦是5分鐘步行距離。本飯店備有98間客房，多種房型供您選擇，全館皆可免費無線及有線上網(需自備NB)並設有自助式洗衣機，全館設施符合政府標準，是商務出差或旅遊最佳選擇。,高雄市新興區八德二路10號,886-7-2863011,nan,120.301509,22.636169,11000,16500
8258,克來旅館,位於高雄市的旅館,高雄市鳳山區五甲一路130號,886-7-7469692,nan,120.356397,22.620359,2400,3800
8269,香堤精品旅館,每房依房型不同 附設按摩浴缸.按摩椅.蒸氣室.花灑.SPA.維其浴住宿提供免費自行車租借,高雄市大寮區中庄里仁愛路52號,886-7-7026606,nan,120.394905,22.636241,3860,5160
8307,悅來居旅店,"心戀雄棧民宿風背包客棧外觀有著歐洲鄉村風格特色，從大廳、客房，甚至是交誼廳，您都能看見使人倍感親切的舒適佈局，從小細節到大環境，每個地方都有值得回味的巧思設計。設有寬廣交誼廳.!!心戀雄棧民宿位於高雄市中心，距離各風景區都只幾分鐘的車程，提供覆蓋公共區的免費Wi-Fi。心戀雄棧位於高雄火車站.捷運R11站旁僅3分鐘步行距離，附近眾多當地美食.餐飲場所,隔壁就是7-11,對面就是同愛小吃街,步行10分鐘可抵達六合夜市及光之穹頂。高雄小港機場.高鐵距離民宿有10幾分鐘車程。民宿規劃有1人至8人之房型，透過主題式的風格設計，讓每間客房都呈現不同的空間面貌，同時兼具舒適與設計感的休憩環境，客房除了依照房型人數入住之外，在許可範圍內亦可提供加床服務。客房內均裝有空調，並設有大窗戶，提供帶有線頻道的平板電視以及配有淋浴設施和吹風機的浴室。客人可以尋求協助安排旅遊行程。工作人員樂意協助票務、汽車租賃以及付費停車位服務。",高雄市三民區建國三路40號,886-7-2883173,nan,120.300363,22.637942,3000,6400
8310,獅子王商務旅館,位於高雄市的旅館,高雄市前金區允文街65號,886-7-2159599,nan,120.294705,22.619069,3000,4500
8330,高雄中央公園英迪格酒店,英迪格酒店，洲際酒店集團(IHG)旗下精品酒店品牌，每一家酒店都有著與眾不同的個性，並致力為賓客提供耳目一新，猶如鄰間般親切自然的服務。高雄中央公園英迪格酒店座落於高雄市中心，鄰近中央公園捷運站，距離高雄國際機場20分鐘車程，至高雄火車站僅7分鐘車程；步行可到達五福商圈，漫步挖掘風格小店、文創咖啡館、潮牌店家。搭乘捷運可前往左營高鐵站、光之穹頂、西子灣、愛河、高雄展覽館等著名旅遊景點，方便您探索港都魅力。閒暇之餘，您還可到城市光廊體會白天或夜晚不同的美，在都市綠洲中釋放身心活力。,高雄市新興區中山一路4號,886-7-2721888,https://www.hotelindigokaohsiung.com/zh-hant/,120.301378,22.624478,4400,32000
8374,勝吉旅社,位於高雄市的旅館,高雄市阿蓮區峰山里峰南路5號,886-7-6313937,nan,120.356072,22.874448,600,800
8409,麗都大旅社,位於高雄市的旅館,高雄市鳳山區五甲一路86號,886-7-7465026,nan,120.357065,22.621184,600,600
8480,大樹旅社,位於高雄市的旅館,高雄市大樹區檨子腳里中興北路88號,886-7-6512105,nan,120.433052,22.692381,600,600
8483,萬隆大旅社,位於高雄市的旅館,高雄市左營區左營大路16號之2,886-7-5836741,nan,120.287693,22.680383,700,700
8486,達妮芙民宿,位於高雄市的民宿,高雄市桃源區拉芙蘭路20號,886-7-6866112,https://tanivu.ego.tw/,120.812275,23.239281,400,1500
8487,樂芙汽車旅館,時尚簡約、品味不凡！2019全新開幕的樂芙優旅LUV U MOTEL位處文信路與南屏路口，鄰近高雄最熱鬧的瑞豐商圈，捷運R14巨蛋站步行五分鐘可達，不僅可吃遍瑞豐夜市美食，漢神巨蛋百貨也可逛好逛滿，佔盡地利之便。地點對了，日日都過情人節！八大主題房型的風格各具特色，還可依需求挑選大小及房間等級。這裏提供的不只是空間，更重要的是帶來愉悅的生活體驗，從細微的整潔度到房型設計上處處用心，期待消費者們不論是短暫歇息或是長時間住宿，都能與最重視的人一同渡過優質的時光片刻。,高雄市鼓山區文信路311號,886-7-5551591,http://www.luvumotel.com,120.299681,22.664452,8000,8000
8509,高雄信宗大飯店,高雄AHotel信宗大飯店服務成為在地品牌特色，從導入科技、ISO9001、HACCP、星級認證、開發各國旅客市場瞭解其文化、建構網路平台、提升人員專業服務訓練等，秉持創新理念及國際文化作卓越進步目標。整體設計以斯堪地那維亞及獨特自然生態風格為設計主軸凸顯飯店簡約優雅的象徵，一方面體現在對天然材料的妙用，另一方面在於去繁就簡的美學特徵低調優雅的氣質，夜間更有獨特設計風味的夜間燈光美。以簡約優雅品質，創造優質人生，邁向品牌經營發展，並提供各地旅客溫暖、舒適、貼心的住宿體驗，亦成為顧客、員工、合作夥伴安全、舒適、優雅、人文飯店首選，飯店館內設施與餐廳部份，亦有多元文化的服務，健身房、閱讀中心、藝術廊、會議室、空中花園、洗衣服務等，並提供HALAL穆斯林友善-住宿、及福圓餐廳。高雄AHotel信宗大飯店兼具商務差旅與城市休閒的雙重特質，鬧中取靜的住宿環境，自助式早餐餐廳，結合多元早餐，餐廳格局設計讓早晨陽光自然灑落，整潔且明亮的環境，搭配所烹調食材，能體會餐點與環境完美契合比例，讓賓客可在都市叢林中享受去繁就簡的美學特徵低調優雅的氣質。Add 高雄市三民區建國三路487號Tel 07-9738666email kaohsiung.ahotel@gmail.comweb https://www.ahotel.tw/,高雄市三民區建國三路487號,886-7-9738666,https://www.ahotel.tw/,120.289497,22.635592,6000,11000
8531,弘州商務旅館,位於高雄市的旅館,高雄市林園區東林西路105巷11號,886-7-6438889,nan,120.395544,22.503835,3000,5000
8551,康橋商旅-後驛九如館,本館位於高雄火車站後站旁，休閒、交通、商務機能極為便利，並以康橋商旅平實的價格提供友善乾淨的住宿環境。距六合夜市、漢神巨蛋百貨皆於車程15分鐘內，是您來高雄旅遊出差的首選!,高雄市三民區九如二路339號3~11樓,886-7-3153366,https://www.kindness-hotel.com.tw/location-kaohsiung-jiuru,120.304362,22.641006,2580,10212
8567,三多旅店-玫瑰青年館,位於高雄市的旅館,高雄市苓雅區青年二路95號1-6樓,886-7-2691788,nan,120.298476,22.618625,5520,5520
8603,秝芯旅店駁二館,位於高雄市的旅館,高雄市鹽埕區五福四路67號,886-7-5219666,nan,120.284506,22.622072,6600,12000
8636,碧港良居商務站前館,碧港良居商旅站前館建築設計以時尚沉穩的灰色為基調，綴以活潑鮮明的黃色與白色，強調出明亮、現代之風格；室內空間設計則以溫馨舒適兼具質感的方式呈現，希望能讓每位蒞臨的旅客放鬆地享受於飯店的每一處空間，一解旅途上的疲勞。全館有多種房間類型可供選擇，客房設計兼顧商務與休閒需求，房內備有液晶電視、冰箱、獨立衛浴設備、冷暖空調、保險箱、個人洗漱備品等，不論是朋友、家庭出遊，或是商務人士出差都相當適合，針對不同客人的需求，我們也提供了多種貼心便利的服務，如全館免費WIFI、停車場、洗衣服務、商務服務、全天候供應的咖啡及飲料吧等，讓所有入住的旅客都能有賓至如歸的感受。坐落於高雄火車站旁，擁有便捷的交通，從火車站步行至飯店只需三分鐘，往來高鐵、捷運與各旅遊景點都相當方便，鄰近後驛商圈、新崛江商圈、光之穹頂、城市光廊；此外也有六合夜市、熱河街商圈可享用在地美食，讓您輕輕鬆鬆暢遊高雄。,高雄市三民區安寧街437號2、4至7樓,886-7-3220366,http://www.watermarkhotel.com.tw,120.303802,22.640281,9100,12600
8681,夏優旅居,夏優飯店 Sa-Yo Hotel坐落在優雅歷史與重滿藝術風情的鹽埕區中的三星旅館 駁二旅店舒適時尚的住宿空間與細緻的服務，讓人在商務及度假的旅途當中都能享有賓至如歸的感受。距離橘線鹽埕埔02捷運站4號出口，步行五分鐘，鄰近駁二藝術特區、漁人碼頭、真愛碼頭、愛河、電影圖書館、大立精品百貨、西子灣，旗津風景區等知名文青旅遊景點。附近生活機能絕佳，特色酒吧、夜店，打卡景點，鹽埕小吃林立街頭，是您在高雄來趟人文之旅的絕不能錯過的最佳選擇!70間客房(六人房、四人房、三人房、二人房、單人房)舒適整潔廣大的空間及交通便利優質環境，提供客房安全舒適旅遊出差住房據點。處處為您著想，期待您的蒞臨。,高雄市鹽埕區新興街67號,886-7-5328885,http://67sayo.com,120.28104,22.625501,8300,14000
8699,簡愛汽車旅館,位於高雄市的旅館,高雄市鳳山區錦田路161號,886-7-8419999,nan,120.331478,22.594538,5800,5800
8702,美麗四季精品旅館,位於高雄市的旅館,高雄市前鎮區一心一路203巷26號,886-7-7527699,nan,120.31814,22.607256,1600,15600
8713,富驛商旅,高雄富驛商旅座落於高雄市的前金區，強調便捷的交通、完善的設施、舒適的住宿環境，高雄富驛商旅內之設計以充滿活力明亮綠色系打造時尚輕旅行概念，並秉持著酒店集團『時尚、科技、健康』的理念，館內共有123間5種不同型態之精緻客房，不論商務出差或休閒旅遊，都能滿足您不同需求！位於頂樓的餐廳，每日提供新鮮豐盛的活力早餐，讓您在溫暖的陽光中享受悠閒的早晨時光。館內亦附設多功能會議室、咖啡廳、健身房、網路交誼廳及自助式洗烘衣等設施。高雄富驛商旅全館零死角Wifi無限暢遊，完整打造城市中最快意舒適的旅人樂活憩所，為每一段旅程激發出旅人的樂活驚喜！,高雄市前金區中華三路81號,886-7-9708777,http://www.fxinn.com.tw,120.296323,22.627747,7480,10890
8758,佛光山大旅社,位於高雄市的旅館,高雄市大樹區興田里興田路116-2號,886-7-6563577,nan,120.448098,22.747162,600,600
8778,美王大飯店,『美王精品飯店』臨近高雄火車站、捷運高雄站及小吃雲集的六合夜市以及人氣最夯的瑞豐夜市，時尚典雅的客房設計，讓您體驗輕旅舒適的住宿品味。客房內所使用的床舖、羽絨被、羽絨枕等被套皆比照五星級飯店使用方式『一次性』即全面換新，讓您睡的更舒適更安心，並提供早晚報與當期資訊雜誌及免費特約停車場。住宿房客免費提供自行車承借服務，讓您暢遊港都自在行，『關懷備至‧體貼入微』的服務信念，提供您物超所值的住房服務。是您觀光旅遊、休閒約會、商務住宿最佳選擇喔。,高雄市新興區八德二路94號,886-7-2885111,http://www.milordhotels.com/milordboutiquehotel/,120.297643,22.635675,3980,7980
8783,富賓大旅社,位於高雄市的旅館,高雄市湖內區湖內里中山路一段62號,886-7-6932463,nan,120.252269,22.877915,500,500
8784,城市商旅德立莊博愛館,"2017年高雄最熱鬧繁華的三民區,誕生了一座如黑珍珠般耀眼的新地標-德立莊 MidTown。德立莊以極簡設計為主軸，邀請了建築大師李天鐸，與設計大師吳宗岳共同打造現代時尚的品味。德立莊博愛館位於高雄市三民區，是您旅遊探索高雄市和其周邊地區的最佳選擇。旅客們可輕鬆方便快捷前往市區內各大旅遊、購物、餐飲地點。",高雄市三民區博愛一路338號地上1至10樓,886-7-3238777,http://www.midtownrichardson.com,120.303771,22.650362,9800,15400
8802,捷舍環保文旅,R10環保商旅，以高雄行政區及高雄特殊節日為設計，館內走道，以高雄主要道路命名，穿梭於其中，好像身處城市裡，轉一個彎，鼓山區到了！往旁邊看，是宋江陣耶！R10環保文旅同前兩間環保旅舘一樣，除了不提供個人盥洗用品，選用環保建材以外，更結合了文創，走道牆上，掛著老高雄的照片，讓旅客了解時代變遷與進步外更要對環境保護多盡一份心力,高雄市新興區中山一路240號11樓之1至3、5至12、16,886-7-2361666,nan,120.354077,22.616074,3120,3600
8811,現代商務旅館,現代商務旅館位於高雄火車站(後站)正對面，九如路與博愛路三角窗，市中心精華區。地面坪數達三百坪的大型建築物，寬大走廊，併備有免費停車場，側重消防公共安全的合法旅店。是一鬧中取靜、交通便利，房間空間非常寬敞(7坪~16坪不等)及所有房間都有看到戶外視野的窗戶之商務旅館。極適合商務、旅遊、洽公、民宿、自助旅行、約會等，房間數為92間。擁有寬敞豪華2T二人房、2T三人房、2T四人房、3T四人房，3T五人房，3T六人房共85間，極適合國內外旅遊團體的需求。,高雄市三民區九如二路332號4-7樓,886-7-3122151,nan,120.303262,22.641331,4500,6800
8854,花鄉商務汽車旅館,座落於鳳山市都會區，鄰近中正預校、台糖花卉園區、夢時代購物廣場、國道一號高速公路交流道只需十分鐘，離小港國際機場15分鐘，交通十分便捷，是往高雄市區、墾丁之交通要衝，舒適、溫馨、親切，讓您暫時遠離繁忙塵囂的生活，是休閒、旅遊、出差洽公的最佳選擇。,高雄市鳳山區誠義路122號,886-7-7198299,nan,120.360645,22.610965,1500,7000
8882,康橋商旅-三多商圈館,康橋連鎖旅館長期以穩定優良的服務品質為經營理念，提供旅客及出差客更多乾淨舒適的住宿環境。本館鄰近高雄三多商圈，交通快速便捷，館內乾淨安全，並提供營養豐盛的早餐、點心以及體貼細緻的服務，提供旅客更安全便利的選擇，無論是商務考察或是旅遊住宿休憩， 您的光臨都將是我們無上的榮耀！,高雄市苓雅區林森二路10號,886-7-5379800,http://www.kindness-hotel.com.tw,120.308304,22.616088,2280,12420
8890,吉娃娃商務旅館,吉娃娃商旅位於六合一路沿線，距離高雄火車站有8分鐘步行路程，可為客人提供每日早餐、免費洗衣設施和免費無線網絡連接。客房配備了筆記本電腦。色彩繽紛的主題客房設有空調和帶圖案的壁紙，大多數客房設有鞦韆。客房設有平面有線電視、筆記本電腦以及帶浴缸、淋浴設施和洗浴用品的連接浴室。酒店緊鄰當地餐館和購物場所，距離捷運美麗島站僅有3分鐘步行路程，距離西子灣地區有5分鍾捷運車程，距離高雄機場有25分鐘車程。新興區是觀光、夜市、休閒放鬆的絕佳選擇。,高雄市新興區六合一路158號10樓,886-7-2350756,nan,120.303092,22.633174,6000,8000
8998,情憶汽車旅館,位於高雄市的旅館,高雄市小港區桂忠街5巷2號,886-7-7916060,nan,120.357589,22.584301,1580,1780
9032,承攜行旅 高雄六合館,承攜行旅高雄六合館為國際級觀光飯店，位於「六合觀光夜市」與「愛河」的中心點，飯店距離高雄捷運市議會站只需步行5分鐘的距離，地理位置十分便利。飯店提供270間客房，豪華舒適的房型設計、寬敞明亮的空間概念，給房客最精采豐富的住宿體驗。另設有露天椰林游泳池、多功能商務中心與全館WIFI無線上網，給予旅客最貼心周到的服務。歡迎您蒞臨承攜行旅高雄六合館感受最繽紛熱情的品味生活。,高雄市前金區六合二路279號,886-7-2411022,https://guidehotel.com.tw/hotel/%E6%89%BF%E6%94%9C%E8%A1%8C%E6%97%85-%E9%AB%98%E9%9B%84%E5%85%AD%E5%90%88%E9%A4%A8/,120.289993,22.629037,9600,26800
9033,良辰吉時精品旅店,位於高雄市的旅館,高雄市前金區六合二路160號7樓,886-7-2411777,nan,120.294647,22.630681,800,1800
9054,碧港良居商旅西子灣二館,碧港良居The Harbour坐落於西子灣風景區，建築設計以時尚沉穩的灰色為主調，強調出簡約又不失現代感的工業風格；室內空間設計則以簡單舒適兼具質感的方式呈現，海景房型更能直接眺望高雄港美景。除了有無敵海景外更設置了餐廳、全天候飲料吧、自助洗衣房、健身房。碧港良居The Harbour地理位置得天獨厚，背倚層巒疊翠的柴山，開門即見高雄港和遊艇碼頭海天一色的絕佳景致，晚上則可眺望燈光璀璨的市景、高雄地標八五大樓及夢時代摩天輪，周邊更有名勝古蹟、知名景點和美食小吃，如西子灣、哨船頭公園、英國領事館、駁二藝術特區、真愛碼頭、旗津海岸公園等，既能散步閒逛，也可以單車旅遊。悠遊海洋城市，一定要住在海闊天高的風景裡才不枉此行，我們將竭誠提供您賓至如歸的服務，以及最舒適的住宿品質，讓您的高雄之旅更添美好回憶，碧港良居The Harbour在此全心全意迎接您！,高雄市鼓山區哨船街14號地下室1樓、1、3至5樓,886-7-5331336,http://www.watermarkhotel.com.tw,120.268541,22.617989,5000,16000
9107,京城大飯店,京城大飯店座落於高雄火車站後站出口正對面，是京城集團投資經營之觀光商務型飯店，一樓為美輪美奐的營業大廳，在此您可以欣賞本飯店收藏之陶器與畫作；另外同樣位於一樓的風尚西餐廳，提供各式精緻美食自助餐。二樓以上則為客房部，共有各式豪華客房142間。本飯店不論硬體設備或服務品質，始終以追求最高的客戶滿意度作為經營的目標。為了迎接您的光臨，亦於2005年全面整修完成。全館架設免費Wi-Fi及寬頻網路、導入線上訂房系統、設置電腦商務中心，並加強員工訓練、提昇員工素質，以客為尊的服務態度與親切誠懇的問候，期待滿足您住宿、餐飲、資訊、觀光等需求。座落鄰近高雄火車站與高雄捷運之地利，讓您外出旅遊亦不用擔心交通運輸的問題。我們將更用心，在觀光商務旅遊業界，提供更出色的服務。,高雄市三民區九如二路362號2-15樓,886-7-3119906,nan,120.302558,22.641389,6000,8000
9122,雀客快捷高雄愛河,"賀喔文旅來自台灣最熱情的高雄愛河畔, 以豪邁的”台式精神”出發, 結合西式精緻旅店風格, 打造摩登的飯店體驗, 故飯店名稱以充滿趣味的方式, 取自”好喔”的台語”賀喔”, 英文為Hooray=萬歲, 充滿輕快自在的氛圍, 期望每一位選擇賀喔文旅的旅人, 都能用如此怡然歡樂的心情, 遊玩港都高雄。座落於美食小吃雲集的鹽埕商圈，緊臨視野絕佳的浪漫愛河畔。距離捷運鹽埕埔站五分鐘車程，交通便捷，地理位置優越。鄰近駁二藝術特區、歷史博物館、電影圖書館、真愛碼頭…等熱門景點只要五至十分鐘車程。充滿現代感的大廳空間，以新銳藝術家作品佈置，樓層迴廊富饒主題趣味，全館客房在簡約摩登設計概念中，注入創意、時尚的氛圍。全館免費提供無線上網、自行車租借、自助洗衣烘衣間、等貼心服務，讓旅客感受物超所值的全新住宿體驗，猶如回家般舒適自在。位在R樓的早餐餐廳特別採用大扇景觀窗，讓旅客在愛河美景伴隨下，享用中西式自助早餐，多元化菜色依季節不同嚴選當令食材，每日變換各式元氣料理，提供旅客一天滿滿的活力。",高雄市鹽埕區七賢三路278號,886-7-5519292,https://www.mastripms.com/checkinn-hooray,120.284776,22.630591,4620,7230
9159,NL概念商旅,NL概念商旅位於高雄鳳山火車站，時尚品味及藝術幽默貫穿設計理念，勇敢詮釋時尚商旅的年輕創意與藝術元素。全館皆為精緻設計主題套房，每間套房都有獨一無二的設計主題，或沉穩、或搶眼、或新穎、或自然，大膽採用各種元素、色彩表達自我個性。超現實的實驗藝術空間在此揮灑創意，讓平淡無奇的飯店住宿，也能成為另類探索體驗，讓您感受迥然不同的健康活力，給您高雄渡假新選擇。,高雄市鳳山區鳳山區文衡路18號,886-7-7462536,http://www.nlconcepthotel.com.tw,120.358002,22.632636,4950,6800
9183,華賓大旅社,位於高雄市的旅館,高雄市三民區南華路221號,886-7-2358800,http://www.happyhotel.com.tw,120.303522,22.636845,3000,4000
9184,康橋商旅-城市之星-漢神館,位於高雄市的旅館,高雄市前金區中華四路290號,886-7-2815566,nan,120.299764,22.619947,5405,7705
9248,中央商務大飯店,位於高雄市的旅館,高雄市新興區中正四路6號5、6、7、8、9樓,886-7-2852520,https://www.facebook.com/CenterHotel800,120.301087,22.631362,4800,8800
9321,慕晨旅店,位於高雄市的旅館,高雄市前金區六合二路160號8樓,886-7-2726608,nan,120.294647,22.630682,700,1500
9370,碧港良居商旅,碧港良居海景精品旅店坐落於西子灣風景區，2013年11月全新落成開幕，現代感與極簡時尚的建築融合於山海美景之中。全館共規劃十四間房，空間充滿 人文優雅與俐落清爽的都會氣息，房間皆有賞景陽台，海景房型更直接臨高雄港美景。旅店內更設置了早餐咖啡廳、10人型及20人型會議室、可賞景BBQ的頂樓花園瞭望台，無論是情侶愛之旅、家族旅遊或企業會議假期，皆能在此歡 度假期，加倍浪漫歡愉。 碧港良居地理位置得天獨厚，背倚層巒疊翠的柴山，開門即見高雄港和遊艇碼頭海天一色的絕佳景致，晚上則可眺望燈光璀璨的市景、高雄地標八五大樓及夢時代摩天輪，周邊更有名勝古蹟、知名景點和美食小吃，如西子灣、哨船頭公園、英國領事館、駁二藝術特區、真愛碼頭、旗津海岸公園等，既能散步閒逛，也可以單車旅遊，直接住在名勝景點就是這麼便利。 悠遊海洋城市，一定要住在海闊天高的風景裡才不枉此行，我們將竭誠提供您 賓至如歸的服務，以及最舒適的住宿品質，讓您的高雄之旅更添美好回憶，碧港良居在此全心全意迎接您。,高雄市鼓山區哨船街31號,886-7-5331336,http://watermarkhotel.com.tw,120.268658,22.618631,1853,10000
9386,愛菲爾汽車旅館,位於高雄市的旅館,高雄市湖內區湖東里中山路一段143-1號,886-7-6937988,nan,120.249633,22.878258,2000,5600
9389,喜達絲飯店,位於高雄市的旅館,高雄市前金區成功一路286號1至10樓,886-7-2518000,http://www.starhaushotel.com,120.295481,22.620146,20000,30000
9394,紫園汽車旅館,位於高雄市的旅館,高雄市鳳山區福祥街3號,886-7-8222589,nan,120.324282,22.591491,3600,3600
9439,博愛春風時尚旅館,位於高雄市的旅館,高雄市左營區重上街117號,886-7-3453758,nan,120.305439,22.675474,1280,6500
9450,西子灣大飯店-站前館,西子灣大飯店-站前館，位於交通便捷的高雄火車站及捷運高雄車站(R11)、公車總站及客運公司旁，鄰近著名觀光景點與交通要道，交通便利，生活機能佳，可同時滿足購物、旅遊、出差洽公需求。客房皆設有液晶電視、自動空調控溫裝置、免費寬頻上網，精緻雙人房另設有按摩浴缸，消除您一天的疲憊，大廳亦設有免費上網區，滿足全方位的商務差旅需求。客房舒適寬敞，擁有全新的設備，是您出差旅遊住宿的最佳選擇。秉持著唯客是尊的服務理念，強調讓顧客有賓至如歸的感覺，重視住宿的品質、衛生、隱密性、安全性，西子灣大飯店站前館 誠摯的邀請您蒞臨。,高雄市三民區建國二路241號,886-7-2364567,http://www.westbay888.com.tw/station,120.304724,22.637326,4950,8360
9452,靉嗨三多行旅,位於高雄市的旅館　二星級,高雄市苓雅區林森二路84-2號3-8樓,886-7-3301117,nan,120.307218,22.618954,4000,9800
9464,京賞國際飯店,位於高雄市的旅館,高雄市三民區十全二路188號1、4至5樓,886-933-187285,nan,120.29785,22.64597,5300,6000
9491,全龍旅社,雖然有點歷史，但一直有在整修換新設備來保持房間乾淨、清幽且價格很平價 。    一直堅持著合法旅社，來提供給旅客一個安全、舒適和有保障的住宿環境  。   我們有果園可以觀光以及購買當季水果(有芭樂、火龍果、牛奶果、黃金果和榴槤蜜等) 。,高雄市甲仙區東安里文化路23號,886-7-6751602,https://quanlong-hotel.business.site/,120.589939,23.081898,1800,2800
9513,飛行家青年旅館,位於高雄市的旅館,高雄市苓雅區仁義街2之4號B1.3F.5F,886-7-3387511,nan,120.303659,22.61469,680,5680
9560,亞歷山大汽車旅館,位於高雄市的旅館,高雄市鳳山區華興街2號,886-7-7217000,nan,120.336277,22.602665,1880,1880
9578,癮室,位於高雄市的旅館,高雄市前金區六合二路128號,886-7-2886888,https://inns.ezhotel.com.tw/,120.296342,22.631191,5400,7800
9580,旗津道酒店,位於高雄市的旅館,高雄市旗津區旗津三路1050號2-3樓,886-7-5721818,http://www.inyounghotel.com.tw,120.26831,22.610416,7200,7600
9599,威豪飯店 HOTEL WO,HOTEL WO 以中文的「窩」做為設計理念，為了讓每一位入住飯店的貴賓，感受到「窩」的輕鬆自在，因此在整體住房及餐飲的規劃上，都更為用心地營造「窩」的氣息，只為讓您享受「窩」最獨特別致的休憩空間及用餐品質。    整體設計風格以時尚混搭為主的HOTEL WO，從大廳就可以窺見一二，寬闊的大廳從鏡面的天花板，到阿拉伯白的石材，再搭配別具特色的品牌時尚家具，在恬靜的氛圍中更添優雅，讓人彷彿置身於歐洲街頭；除此之外，更擺設知名藝術大師「李真」的雕塑作品、「高行健」的水墨畫作、「朱銘」的彩繪木雕以及「村上隆」經典版畫，儼然就是國際級的小型博物館，未來更會不定期與國內外藝術家合作展出最新作品。,高雄市前金區七賢二路394號,886-7-2826000,nan,120.288545,22.630975,6600,11000
9641,林家民宿,林家民宿位於田園之中，建築物是客家三合院。本民宿提供早餐、鐵馬。另有陶藝工作室，客人亦可自費陶藝DIY。美濃的客家文化、人文、環境優美，是可讓旅人適時的放鬆，過著慢活樂活的自在。是個不錯的優質之旅。,高雄市美濃區民族路53-7號,886-7-6820658,nan,120.553159,22.903663,2000,2600
9655,盈春汽車旅館,位於高雄市的旅館,高雄市仁武區安樂一街368號,886-7-3741379,nan,120.351017,22.708838,6000,6000
9686,凱莉都汽車旅館,位於高雄市的旅館,高雄市楠梓區大學7街236號,886-7-5918988,nan,120.288854,22.728344,3760,4960
9691,香堤文旅,位於高雄市的旅館,高雄市楠梓區興楠路355巷82弄1號,886-7-3535799,nan,120.332329,22.728003,4000,4000
9733,繽紛樂旅店,位於高雄市的旅館,高雄市苓雅區三多四路63號7樓之7,886-968-223000,nan,120.301711,22.613163,3800,4500
9747,家和商旅,嶄新的都會簡約元素，充分融合溫暖明亮之燈光設計，邀您共享一場身心靈放鬆的光影空間饗宴。家和商旅以簡約的現代都會風情點綴了空間設計，精心為旅客選用超越五星的優質進口名床，設有精緻美食料理Buffet，提供各式佳餚的極致享受，讓您不只賓至如歸，更感受如癡如醉之渡假品質。媲美銀河星燦的優美LOBBY 如置身紐約夜景 又如身處北歐ICEHOTEL,高雄市三民區九如二路486之1號,886-7-3215558,nan,120.298435,22.64166,6600,6600
9760,互舍酒店,位於高雄市的旅館　三星級,高雄市新興區七賢二路11號,886-7-2878989,http://hu-house.com/,120.301479,22.634511,1200,12800
9762,春綠民宿,位於高雄市的民宿,高雄市美濃區中壇里五福街95號,886-7-6831111,nan,120.543364,22.864362,6000,6000
9786,玫瑰花園汽車旅館,位於高雄市的旅館,高雄市旗山區東平里東圳巷9-8號,886-7-6629898,nan,120.500962,22.88073,6600,6600
9805,高雄愛河智選假日酒店,高雄愛河智選假日酒店，毗鄰高雄愛河，可同時眺望港灣美景及愛河河畔，陽光明媚、熱情多元的「高雄」，整座城市由港灣區興起發展，沿著愛河蔓延出今日的興盛景象，讓我們在此感受到獨有的美好與活力。酒店地理位置優越、交通便利，步行3分鐘即可搭乘捷運及輕軌，距高雄火車站僅15分鐘車程，高雄國際機場及左營高鐵站約車程30分鐘。可輕鬆穿梭於港都體驗城市之美，鄰近多處更是高雄必遊景點，步行10分鐘可達愛河及駁二藝術特區，距達六合夜市、西子灣、旗津老街僅3公里，亞洲新灣區、高雄軟體科技園區及前鎮加工出口區車程約8分鐘，無論是重點傳統產業區域或新興商業密集區皆可輕鬆抵達。挑高舒適的接待大廳及多功能空間—「智•空間」，為往來旅客打造一處最自在的休憩選擇，簡約時尚的客房設計、寬敞明亮的室內空間，夜幕將臨之際，可於客房內欣賞高雄港灣的迷人景致。每日提供中西式自助早餐來開啟活力的一天，遍佈全館的高速網路，打造高效便捷、輕鬆舒適的住宿體驗，無論是商務差旅或休閒旅遊，高雄愛河智選假日酒店都是您的明智之選。,高雄市鹽埕區大智路129號4至15樓,886-7-5323333,nan,120.286361,22.623191,6000,8000
9821,一陽大飯店,一個人　一個背包　一段的旅程讓Uno青年旅舍陪您一起旅行。Uno青年旅舍位於新潮的新崛江商圈旁，鄰近中央公園站EXIT 2。我們提供不同型態的床位或房間供您選擇，經濟實惠，便利舒適，滿足您各方面的需求!歡迎大家走進我們的夢想，一起遠離塵囂，拋下煩惱，來這裡結交愛好旅行的新朋友並與我們分享你的旅程與夢想。,高雄市新興區中山二路548號1至8樓,886-7-2018686,nan,120.301513,22.622464,5000,9600
9823,頭等艙飯店─站前館,旅行的意義總在結束過後才能夠真正體會，永遠不知道在轉彎處會發生什麼事，這才是真正的旅行。『用心體會』頭等艙飯店高雄‧站前館，目標是要成為所有旅人心中最記憶深刻的那塊旅圖。全館134間房間，LOBBY為沈穩、時尚風格，並融合了港都市景及旅遊特色的設計。飯店位置位於高雄火車站及捷運站右前方僅300公尺距離；步行5分鐘即可到客運站，不管是觀光旅遊或是商務洽公皆是最方便的自由行飯店。 『用新呈現』隸屬於李方酒店管理集團，旗下包含『皇家季節酒店』、『頭等艙飯店』、『太空艙旅店』、『英迪格酒店』與『李方艾美酒店』五個品牌，各自有其特色與定位客層。,高雄市三民區建國三路33號,886-7-2853888,http://www.airlineinn.com,120.29913,22.637672,5000,8000
9824,薇肯商旅,薇肯客棧位於高雄市中心，離高雄火車站僅5分鐘路程，鄰近六合觀光夜市、美麗島捷運站、新崛江商圈外交通相當便利。以客為尊、熱忱親切，薇肯提供您舒適、寧靜、便利、整潔的住宿環境。,高雄市新興區明星街40號,886-7-2871568,http://www.milordhotels.com/wecanhotel/,120.300064,22.633886,1580,7980
9835,阡陌一舍UNS,位於高雄市的民宿,高雄市鹽埕區堀江街23-2號,886-922-375311,nan,120.281619,22.621548,4000,6000
9855,敲敲門青旅,位於高雄市的旅館,高雄市三民區察哈爾二街7巷8號,886-956-338760,https://www.facebook.com/knockknockhostel/?epa=SEARCH_BOX,120.302544,22.647386,15000,15000
9875,東豐棧之建業客棧一館,位於高雄市的民宿,高雄市左營區建業新村13號,886-6-2005579,nan,120.290151,22.693906,3500,4000
9904,理歐一一一,位於高雄市的民宿,高雄市鹽埕區光榮街71巷3號,886-956-787799,nan,120.285267,22.623484,980,9800
9919,美麗時光,位於高雄市的民宿,高雄市左營區建業新村1號,886-921-336461,nan,120.291983,22.694101,1200,2400
9920,左眷雅居9號館,位於高雄市的民宿,高雄市左營區建業新村9號,886-932-817607,nan,120.290916,22.693909,1000,7000
9921,左眷雅居10號館,位於高雄市的民宿,高雄市左營區建業新村10號,886-956-083323,nan,120.2908,22.694156,1000,7500
9922,留小燈藝術眷村民宿,位於高雄市的民宿,高雄市左營區建業新村23號,886-7-3230457,https://m.facebook.com/littlelight.23/?ref=bookmarks,120.290968,22.694374,3000,3500
9923,丈引小院1館,位於高雄市的民宿，獨特的高質感的手工藝融合深厚的文化底蘊以清逸雅致的理念，打造了【丈引】服飾品牌【小院】是我們落實這個生活精神的地方期待透過遠離塵囂的眷村生活讓大家享受一個優雅舒適、寵物友善與親近大自然的慢活空間-入住注意事項-丈引小院是會呼吸的木造老房舍結構，一共有四間房因通風與衛生考量，房內皆不會有浴廁，全部有 2 間共用浴室與 2 間共用廁所並沒有提供套房，訂房時請特別注意!,高雄市左營區建業新村35號,886-908-116579,https://www.facebook.com/ZYINhouse/,120.290908,22.694665,2500,9000
9924,丈引小院2館,位於高雄市的民宿,高雄市左營區建業新村36號,886-908-116579,nan,120.290788,22.694633,5000,9000
9945,眷村戀影,來這的第一眼會被它綠色外牆配上彩色玻璃的外觀所吸引，讓人不禁想踮起腳尖一探究竟。 這間左營眷村民宿男主人是住在台灣20多年的美國人，職業是電影導演及攝影師，因此這是間以電影為主題的民宿，裡面有絶版的電影相關的老物珍藏。日式建築的客廳是個小型電影院，不定期也會有藝文及音樂會活動。並有附設老式吧台，歡迎你來喝一杯，吃些簡單的餐點。 如你跟女主人一樣從小就在左營眷村長大，歡迎帶著回家的心情。在這不止感受左營眷村氛圍，更適合靜下心來，看看書寫寫作，一起聊聊老電影。 喜歡結交旅遊同好的你，這裡有特製的背包客上下舖及交誼空間。 本棟位於緯十二路最外圍三角窗，停車非常方便，高鐵公車站就停在門口，並提供腳踏車租借。鄰近左營高鐵站、蓮池潭、國家體育場（世運主場館）、再見捌捌陸眷村文化館離我們最近，斜對面走路過去不到2分鐘。包棟、場地租借、活動洽談。歡迎來左營眷村民宿住一晚。,高雄市左營區建業新村14號,886-916-159329,https://www.facebook.com/atouchofzenguesthouse,120.290039,22.693946,2500,4800
10003,名美商務旅館,位於高雄市的旅館,高雄市三民區高雄市三民區建國二路255號7~8樓,886-7-2351488,nan,120.304297,22.637418,3600,3600
10087,打狗灣青年旅店,位於高雄市的民宿,高雄市鹽埕區大成街33號,886-981-530086,nan,120.287486,22.620686,500,500
10120,海軍官邸三號院,位於高雄市的民宿,高雄市左營區建業新村3號,886-929-969789,nan,120.29167,22.694152,4600,6000
10123,鳳山79背包客,位於高雄市的民宿,高雄市鳳山區黃埔新村東一巷79號,886-905-198074,nan,120.364482,22.619714,3980,6580
10124,月光寶盒 眷村文化旅宿,位於高雄市的民宿,高雄市鳳山區黃埔新村東一巷80號,886-915-890673,nan,120.364721,22.619544,2500,3300
10125,底加睏-眷村民宿,位於高雄市的民宿,高雄市鳳山區黃埔新村東四巷105號,886-953-358883,https://www.facebook.com/JEWJEWHERE,120.364721,22.619544,780,1480
10126,思念人之屋 眷村民宿,位於高雄市的民宿,高雄市鳳山區黃埔新村東四巷106號,886-900-089970,https://house106.weebly.com/,120.365038,22.618336,780,1480
10127,71CAFE溫度民宿,這是一棟自地自建的5樓透天，位於美術館附近，愛河沿岸，旁有中都濕地公園、磚窯廠煙囪古蹟，把多的房間分享給全球各地的朋友， 相遇即是有緣，希望大家有如回到家的感覺，有溫度的民宿，我們本身就住樓上有事可以隨時找我們,高雄市三民區西安街71號,886-7-3231997,nan,120.28816,22.641645,800,3800
10150,海軍官邸四號院,位於高雄市的民宿,高雄市左營區建業新村4號,886-929-071789,nan,120.29161,22.693907,4600,6000
10198,J.S 23,位於高雄市的民宿,高雄市楠梓區新昌街10巷15弄23號,886-985-309531,nan,120.299528,22.709256,6000,10000
10213,香蕉與黑膠三合院,位於高雄市的民宿,高雄市美濃區興隆一街112巷34號,886-7-6819882,nan,120.562223,22.91696,6000,6000
10264,美濃田中央民宿,"這是一家很具特色的民宿,因為它地處優良地理位置,設計別緻,外觀以白色為主,美型的設計令人耳目一新.不輸五星級的衛浴及寢具設備,讓你真正體會悠閒.放鬆.自在的氛圍地基墊高,明亮通風的大開窗設計,一進門就感受到舒適感",高雄市美濃區民族路139巷67號,886-918-196677,nan,120.566792,22.914226,8000,8000
10371,旺福民宿,位於高雄市的民宿,高雄市左營區建業新村50號,886-7-5812853,nan,120.289677,22.694927,2000,2000
10376,Do古,位於高雄市的民宿,高雄市鹽埕區莒光街173號,886-953-148922,nan,120.28473,22.623792,4000,4000
10387,金獅湖大酒店,金獅湖大飯店座落於高雄市三民區的金獅湖風景區內，此區內除了金獅湖畔，另有知名景點金獅湖蝴蝶園區及金獅湖風景區特色遊戲場，榮獲2017高雄市公共建築景觀類建築園冶獎，水岸美化了，沿著湖畔綠廊散步好愜意。本酒店各式客房共計159間，均有大型景觀窗面向湖畔，飯店內亦有休閒設施服務、精心料理的餐飲服務，能使前來住宿的客人真正的體驗金獅湖大酒店貼心真誠、以客為尊的優質感受!,高雄市三民區金鼎路88號及118號,886-7-3458866,nan,120.328097,22.663058,6500,15000
10465,建業六號,本民宿採用包棟方式，有兩間雅房，共用浴室。目前至2022年2月底前的假期已無空房。,高雄市左營區建業新村6號,886-908-567007,http://iff6.blogspot.com,120.291357,22.693866,3000,3000
10466,棉花糖民宿,位於高雄市的民宿,高雄市鳳山區黃埔新村東二巷83號,886-7-7193557,https://www.facebook.com/candyflossKaohsiung/,120.373625,22.621914,2600,3600
10467,Swing民宿,位於高雄市的民宿,高雄市左營區建業新村24號,886-928-899334,nan,120.290781,22.69406,3000,6000
10468,蛋花湯民宿,位於高雄市的民宿,高雄市鳳山區黃埔新村東二巷91號,886-909-621071,https://www.facebook.com/eggflowersoup,120.373625,22.621914,550,5000
10469,眷待期休憩所,眷待期休憩所位於鳳山黃埔新村，原為日治時期軍眷房舍，國民政府接收台灣後，改由國軍眷屬入住，因此衍生出傳統日式建築與中式生活融合後的特殊建物景象，也是全台眷村中獨有的特色之一。延續眷村的生活形態與生命記憶，並提供三間雙人套房（眷待／左鄰／右舍）。眷待，是款待到來的每顆心；左鄰、右舍，是我們對眷村生活的想像與嚮往。每個房間與空間都獨具特色，在這充歷史文化底蘊的場域裡，感受高雄人的好客與熱情，一同體驗舊日時光的美好。,高雄市鳳山區黃埔新村東三巷102號,886-986-003102,https://www.juandaiqi.com,120.374031,22.620908,1680,2240
10470,半閒藝居,位於高雄市的民宿,高雄市鳳山區黃埔新村東三巷104號,886-910-133423,nan,120.374031,22.620908,8000,8000
10476,優勝美地,位於高雄市的民宿,高雄市杉林區茄苳巷170-5號,886-932-768960,nan,120.553482,23.017933,6000,6000
10610,依依．良品風格民宿,台灣第一座眷村民宿，座落在高雄的左營海軍眷舍。依依.良品便是位於此處。張開雙臂歡迎大家來玩，體驗50年代與現代生活的結合。,高雄市左營區建業新村緯十路54-11號,886-917-859586,https://www.facebook.com/yiyi.homestyle/,120.17294,22.41415,2200,3200
10615,綠芙香氛SPA民宿,位於高雄市的民宿,高雄市左營區緯十二路2-1號,886-915-770068,nan,120.17306,22.41393,1500,2500
10617,軍旅舍．四十一,將「以住代護」眷村民宿，回歸到居住的本質。 有別於一般旅館，我們的空間不是風格與形式的組成，也不是過度的服務與高級的享受，亦非民宿主人耗費心思的熱情招待，而是透過空間營造使旅客體驗人與人之間的互動，平衡生活現實、生活美學和各式想像，將生活感堆砌於眷村民宿之中。 「重現眷村生活樣貌，結合眷村與民宿的生活體驗」 我們在舊有建物的輪廓裡，以「共享」的概念進行空間規劃，開放式的生活空間，實現共享生活理念；不侷限室內外空間，在共用概念下(例如共用衛浴、廚房、娛樂室等)，讓人輕鬆沒壓力的互動，小至一個招呼，或是分享生活點滴。透過家具擺設的氛圍營造，即使一個人在客廳休息或閱讀，也能在共享的氛圍下找到專屬的獨立空間。 同時保有個人空間的生活型態，便能輕鬆讓毫無血緣關係的人們聚集在同一個屋簷下生活，即便短暫的一晚，也能輕易的融入並感受眷村的美好。,高雄市左營區建業新村41號,886-958-604142,https://m.facebook.com/goonnight,120.17281,22.41417,10500,15750
10618,軍旅舍．四十二,位於高雄市的民宿,高雄市左營區建業新村42號,886-958-604142,nan,120.17278,22.41416,10500,15750
10619,小媽寶眷村民宿,高雄是全台最大的軍事聚落，同時擁有鳳山陸軍、左營海軍、岡山空軍等三軍眷村文化，這種獨特的人文風景是其他縣市所不及的，透過眷村保存活化，彰顯其內涵及文史價值，以此提供不同面貌的高雄。目前遺留下的建造物體現著過去的時間，越過樹蔭進了門，踏上眷舍泥地，可看到黑瓦躺在低矮平房上、寧靜無聲的室內迴間、庭院稍腐了的草木，仍可感受到這長長的眷村歲月在建築、人事上所發生的變化。走出廚房旁的小側門，四周有圍牆，彎曲小巷弄，或左或右皆能通到另一處眷村人家，那些我們曾在電視上、書上看到，比方說著重人情味、大家互相幫忙等，種種描述眷村生活的場景就在這裡，住眷村裡跟隔壁家常是互通的，自己家的孩子也像別人家的一樣，互借柴米油鹽都是再正常不過的事情，雖然建築物不像電視、書籍那樣說話，能告訴我們許許多多過往的歷史，但住進內部細細走讀空間痕跡，鍛造的鐵花窗、木窗、紅色大門、為防盜種植的植物、超甜的熱帶水果...等，盡是眷村小故事，也歡迎來自世界各地的您與我們分享屬於你(妳)的小故事。,高雄市左營區緯十路54-7號,886-980-424526,https://www.facebook.com/mamaboyhostel/,120.17297,22.41419,2200,4000
10620,老媽寶眷村民宿,高雄是全台最大的軍事聚落，同時擁有鳳山陸軍、左營海軍、岡山空軍等三軍眷村文化，這種獨特的人文風景是其他縣市所不及的，透過眷村保存活化，彰顯其內涵及文史價值，以此提供不同面貌的高雄。目前遺留下的建造物體現著過去的時間，越過樹蔭進了門，踏上眷舍泥地，可看到黑瓦躺在低矮平房上、寧靜無聲的室內迴間、庭院稍腐了的草木，仍可感受到這長長的眷村歲月在建築、人事上所發生的變化。走出廚房旁的小側門，四周有圍牆，彎曲小巷弄，或左或右皆能通到另一處眷村人家，那些我們曾在電視上、書上看到，比方說著重人情味、大家互相幫忙等，種種描述眷村生活的場景就在這裡，住眷村裡跟隔壁家常是互通的，自己家的孩子也像別人家的一樣，互借柴米油鹽都是再正常不過的事情，雖然建築物不像電視、書籍那樣說話，能告訴我們許許多多過往的歷史，但住進內部細細走讀空間痕跡，鍛造的鐵花窗、木窗、紅色大門、為防盜種植的植物、超甜的熱帶水果...等，盡是眷村小故事，也歡迎來自世界各地的您與我們分享屬於你(妳)的小故事。地點近蓮池潭、高鐵、轉乘到佛陀紀念館、義大遊樂園、瑞豐夜市、世運主場館、再見捌捌陸、海軍故事館、雨豆樹林蔭大道、建業新村、明德新村。,高雄市左營區緯十路54-8號,886-980-424526,https://maps.app.goo.gl/wcZM8dd7wd1qoZnR7,120.17291,22.41422,2200,2200
10644,阿婆家眷村民宿,位於高雄市的民宿,高雄市左營區建業新村54-5號,886-939-985041,nan,120.17299,22.41414,2200,4500
10660,橙屋商旅,位於高雄市的旅館,高雄市小港區大業北路300號,886-7-8012266,http://www.ohouse296.com.tw/about.php,120.348139,22.563437,3480,3880
10666,小島公寓,五間客房皆不同風格，都是小島設計師-Ray 一直想實現的住房規劃以藝術公寓為主軸，將合作的藝術畫作或手創品牌擺入房內，因此不同時期的住客會發現牆面風景不同，因為我們會不定時更新藝術品讓住客在旅遊住宿時，也能感受藝術對生活的影響。,高雄市新興區六合一路148號,886-7-2388166,nan,120.303538,22.633353,4880,5880
10791,JÒHŌ HOTEL,JÒHŌ HOTEL位於高雄市交通要塞，緊鄰高雄車站及捷運美麗島站，樓高15層樓附地下兩層機械式停車場。全館60間客房，附高畫質影音娛樂系統、TOTO免治馬桶及世界專利舒眠床墊，雙人以上房型設有獨立浴缸及乾濕分離衛浴設備。酒店美饌空間提供早午餐及下午茶LOUNGE，HAPPY HOUR時段另推出酒水特調服務。酒店頂樓空中花園及景觀健身房的明亮空間，不僅可以遠眺高雄夕陽美景，也可於夜晚感受星空下的浪漫，即使不想出門，也能創造美好的旅宿體驗。酒店秉持在地人熱情待人之理念，主打「職人管家服務」，有別以往一對一專業管家服務模式，從旅遊行程的景點客製到住房餐飲各項服務，由專業經理人密集培訓長達3個月以上的時間，盼透過服務，傳達酒店「JÒHŌ U JÒHŌ！祝福您一切美好」的核心精神（JÒHŌ，臺語諧音，祝福與美好之意）。,高雄市新興區中山一路306號,886-7-2355188,https://www.johohotel.com/,120.302624,22.63629,7200,9200
10815,呼頌民宿渡假村,位於高雄市的民宿,高雄市那瑪夏區平和巷210號,886-987-334248,nan,120.697795,23.241203,2500,2500
10908,你好哇寓所,位於高雄市的民宿,高雄市鹽埕區大公路70巷8號,886-932-828922,nan,120.283765,22.627692,2800,8000
10911,銀座聚場,位於高雄市的民宿,高雄市鹽埕區五福四路260巷8號,886-7-5215360,nan,120.281044,22.625007,4000,4000
10913,媚力泊旅館,Menippe Hotel Kaousiung 「媚力泊飯店」為光力開發實業公司事業的第一家自創品牌飯店，我們提供的是最適合城市觀光的飯店與服務，將鄰近地區視為一個度假地，提供旅客們享受在地樂趣的服務與方便使用的客房設施，以及豐富多元的餐點。 讓我們來體驗遍佈在高雄市內的道地特色，編織出旅人們獨特的故事。我們將持續提供玩轉高雄的觀光旅遊行程，期盼來到高雄旅行的朋友，駐足於最動人的美好角落，細細品味一座生活城市，帶給旅人們的驚喜與感動。,高雄市仁武區仁雄路451號,886-7-3713188,nan,120.334861,22.673969,1600,7680
10927,風車公園民宿,位於高雄市的民宿,高雄市旗津區中洲二路246號,886-937-333252,nan,120.289891,22.584538,600,2400
10970,大港小住,位於高雄市的民宿,高雄市新興區文橫一路5巷33號,886-908-229019,nan,120.30234,22.624104,1500,2500
11048,御宿汽車旅館中華館,位於高雄市的汽車旅館,高雄市三民區九如三路58號,886-7-3110959,https://www.royal-group.com.tw/,120.290123,22.642507,8800,10000
11080,破豆基地,破豆基地是一個交流的實驗基地，我們期待在這裡發生各式各樣的交流。因此會在空間中嘗試舉辦各種活動，搭配住宿。長期固定會推出的是老闆娘的專長-占卜之夜，希望在忙碌的生活中如果這一夜想找人聊聊天、換個地方一睡覺，破豆基地是個很好的選擇。,高雄市左營區建業新村緯十一路40-2號,886-983-607443,nan,120.291011,22.694287,2400,4000
11083,帝后大飯店,位於高雄市的旅館,高雄市鹽埕區大公路21號,886-7-5212211,https://www.q21hotel.com/,120.284693,22.626573,4000,6000
11086,萬酈精品旅館,位於高雄市的旅館,高雄市三民區河北二路100號5樓,886-7-2857333,nan,120.29769,22.63667,2400,4800
11113,靉嗨文旅站前館,位於高雄市的旅館,高雄市新興區六合二路10號7樓,886-7-2850077,https://booking.owlting.com/httpssites.google.comviewdouble-t-hotel?start=2022-08-23&amp;end=2022-08-24&amp;lang=zh_TW&amp;adult=1&amp;child=0&amp;infant=0,120.301568,22.633011,1500,9500
11115,靉嗨文旅美麗島館,位於高雄市的旅館,高雄市新興區六合二路10號10樓,886-7-2850077,nan,120.301568,22.633011,1500,9500
11165,日光高鐵精品旅館,位於高雄市的旅館,高雄市左營區大中二路597號,886-7-3457380,nan,120.307851,22.682817,8840,12740
11169,思旅,提供自行車友善服務，可停放自行車，但空間有限，如需停放多輛自行車，先詢問是否足夠放置。包含提供Check out之後，騎車回來免費盥洗。,高雄市鼓山區臨海一路14之1號,886-939-166821,nan,120.273512,22.620496,2300,4800
11224,左營蓮潭郭家百年古厝,位於高雄市的民宿,高雄市左營區店仔頂街110巷27號,886-7-5851555,nan,120.292758,22.685455,2180,3250
11255,美麗島音樂城商旅,位於高雄市的旅館,高雄市新興區六合二路10號9樓,886-907-096188,https://153474955736.web.fullinn.tw,120.301568,22.633011,600,4500
11284,美麗島福憩旅店,位於高雄市的旅館,高雄市新興區六合二路10號11樓,886-906-871011,https://160491559483.web.fullinn.tw/,120.301568,22.633011,2400,12000
11309,秧秧微旅,位於高雄市的旅館,高雄市新興區中山一路14號12樓,886-7-2315020,http://www.fscebook.com/JezreelinnJI/,120.3017,22.626335,500,8000
11317,小驢舍,位於高雄市的民宿,高雄市鹽埕區必忠街47號,886-7-5519199,nan,120.287628,22.620303,1200,6000
11380,苓居,位於高雄市的民宿,高雄市苓雅區永泰路102巷5號,886-972-025558,nan,120.295237,22.616134,1100,1100
11406,展旺高雄行旅,位於高雄市的旅館,高雄市前金區文武二街167號,886-7-2161188,nan,120.295275,22.628406,8000,12000
11410,馥寓蓮潭旅居,位於高雄市的旅館,高雄市左營區大中二路816、818、820號15樓,886-7-5884115,nan,120.303691,22.685969,25000,25000
11429,回家,位於高雄市的民宿,高雄市鹽埕區公園二路139之3號,886-970-615115,nan,120.282967,22.621038,6000,6000
11430,莉莉的家,位於高雄市的民宿,高雄市橋頭區橋頭路81號,886-906-003010,nan,120.310678,22.758364,4800,9600
11498,菲力安民宿,位於高雄市的民宿,高雄市那瑪夏區瑪雅里平和巷86號,886-7-6701512,nan,120.697024,23.237499,6000,8000
11499,LUMAH民宿2館,台灣縱走環島必經路線手機號碼0906115059有餐廳、洗愛玉、賣礦泉水官方網站https://www.facebook.com/Tlimua,高雄市那瑪夏區南沙魯里2鄰鞍山巷76號,886-7-6701468,nan,120.700504,23.206832,5000,5000
11501,LUMAH民宿1館,台灣縱走環島必經路線手機號碼0906115059,高雄市那瑪夏區南沙魯里2鄰鞍山巷74號,886-7-6701468,https://www.facebook.com/Tlimua,120.700504,23.206832,5000,5000
11512,圓山圓庭園民宿,位於高雄市的民宿,高雄市美濃區圓山街16-8號,886-7-6819223,nan,120.550146,22.917712,3000,3000
11523,旅悅國際青年旅館,旅悅 品牌故事 :旅悅，努力成為「旅人築夢之旅的最佳歇宿空間」旅悅的創辦人 Jeff ，台灣科技大學管理碩士，曾任職於股票上市公司經營管理部門主管，也曾擔任多家科技大學專兼任教師師，2012年看到中原大學學生拍攝「為什麼外國背包客不來台灣？」影像專題，有感於深度旅遊對台灣庶民經濟的重要，於是與鋼琴教師的太太 Melody 同心打造一間能夠吸引國際背包客，向世界傳送「台灣的美好」的青年旅館，希望為推廣在地文化盡一份心力。於是 Jeff＆Melody 將穩定收租的房子收回，又拆除自己居住的樓層幾百萬裝潢，更邀請朝陽科大視傳系產學合作，讓學生有機會參與企業發展CIS的規劃設計實務，也讓年輕人釋放活潑的創意來營造自己青年旅館的嶄新生命，精心規劃下誕生了「旅悅國際青年旅館」。旅悅提供背包客時尚，超值，安全，乾淨，便利的住宿環境，更協助旅人旅行獲得愉悅，因此旅悅不僅是 Jeff和Melody 的夢想，更要和全世界的朋友一起追逐夢想，分享夢想。關於品牌D&#39;well，旅悅的英文名稱，D&#39;well隱含了兩個層面的意義。第一，Dwell一詞，在英文中有居住，住所的意思，正如同旅悅想成為世界旅人來築夢，追夢的家園的理念；第二，D&#39;well是Dream well的意思，希望來到這裡的朋友們，都能勇敢追夢，讓美夢成真。D&#39;well旅悅不僅是品牌名稱，更是我們經營理念與目標。旅悅的用心(1) 2013年5月開幕，當時眾多部落客評價為五星級青年旅舍，帶動台灣青旅設計風潮與發展。(2) 邀請台灣最大背包客社群TPG定期來旅館舉辦自助旅遊分享會，促進高雄自助旅行風潮。(3) 邀請「這個台灣郎會25種語言」的作者謝智翔來館每週舉辦多語咖啡活動及不定期文化祭，讓旅客及高雄朋友能彷佛置身國外，與各國旅客交換語言交流文化。(4) 2014年起舉辦兩屆走讀高雄攝影比賽，2017年起擴大舉辦「旅閱台灣」全國攝影比賽，是全台唯一青旅在舉辦攝影比賽，更是全台極少數旅館願意每年投入資源為留住台灣的美，分享台灣的好，而努力的旅店。(5) 在高雄，床鋪最大的青旅;在高雄，國際旅客最多的青旅。,高雄市前鎮區三多三路211號3樓及4樓,886-975-928000,https://book-directonline.com/properties/dwellhosteldirect,120.307043,22.614619,3000,8000
11537,巢鴨青年館,位於高雄市的民宿,高雄市三民區建國三路46巷19-3號,886-988-222151,nan,120.300584,22.63912,1300,3600
11594,蓮潭八零八旅店,位於高雄市的旅館,高雄市左營區大中二路808、810、812號15樓,886-975-709808,nan,120.303439,22.686209,30000,32000
11609,西悠巢旅高雄車站館,位於高雄市的旅館,高雄市三民區安寧街454號3-9樓,886-7-3219999,https://www.cuhotel.com.tw/Kaohsiung,120.301694,22.640596,6000,10000
11716,迴埕,位於高雄市的民宿,高雄市鹽埕區鹽埕街29號,886-911-187397,https://www.facebook.com/29rtinn/,120.283763,22.624943,1500,3000
11726,興達港民宿,位於高雄市的民宿,高雄市茄萣區健康路318號,886-919-119615,nan,120.192152,22.872211,3000,4000
11730,阿爾兔兔,位於高雄市的民宿,高雄市新興區南台路43巷1弄6號,886-988-830610,nan,120.30056,22.630349,3200,4800
11763,隱君子的撒野,位於高雄市的民宿,高雄市岡山區菜寮路2-26號,886-933-346863,https://www.facebook.com/inplaying/,120.341623,22.814474,5000,13000
11800,旗津海民宿,位於高雄市的民宿,高雄市旗津區廟前路100號,886-903-770566,nan,120.269017,22.613598,3600,3600
11872,新美濃花園民宿,位於高雄市的民宿,高雄市美濃區民生路53號,886-7-6812777,nan,120.545601,22.899649,2800,2800
11873,中山精品商旅,位於高雄市的旅館,高雄市新興區中正四路6號2、3、4樓,886-7-2852520,nan,120.301087,22.631362,5800,16800
11902,多野樂旅館,位於高雄市的旅館,高雄市楠梓區興楠路385號2-6樓,886-7-3510222,http://www.dogether.com.tw/,120.330979,22.728532,8500,12500
11914,承攜行旅-高雄新崛江,承攜行旅-高雄新崛江館位於高雄，距離六合觀光夜市不到 1 公里，有快速辦理入住／退房服務以及全館 WiFi（免費）。這間住宿距離真愛碼頭約 1.7 公里，距離高雄市立歷史博物館約 1.9 公里，距離國立科學工藝博物館約 2.5 公里。這間住宿距離市中心 700 公尺，距離高雄市立美術館 4 公里。承攜行旅-高雄新崛江館距離駁二藝術特區 2.5 公里，距離旗津渡輪站 3.8 公里。最近的機場是高雄國際機場，距離這間住宿 7 公里。,高雄市新興區五福二路198號2-7樓,886-7-2165566,nan,120.305327,22.624749,6500,10400
11923,望峰息心民宿,忘峰息心民宿，緣起為家人建造的現代温馨舒適的家，可照顧長輩、自過退休生活及家人返家有獨立生活起居空間，衛浴開窗、乾濕分離、免治馬桶座，每層樓有休閒小客廳，空中花園休閒觀景區，觀景台等。另顧及全年齡生活設施、無障礙行動坡道，電梯等是必備的設施，也有特斯拉TPC充電樁提供房客充電。另選擇美濃自地自建，因母親客家人，而美濃係客家莊，客家人約佔93%。美濃三面環山，風景秀麗，全區水文系統豐富，有荖濃溪與其支流美濃溪貫穿，距離高雄市區約35公里。來美濃玩，住望峰息心民宿不需自己開車，可以自左營高鐵站搭旗美國道快捷45分到達美濃客運站，中間停留旗山站，美濃客運站斜對面雙峰公園有UBiKe可租借，該站距離民宿400公尺，走路10分鐘可達民宿。民宿附近景奌美濃湖及美濃客家文物館、三合院紙傘、敬字亭、東門樓、水圳、林家菸樓、永安老街等，走路約20分鐘。距離民宿約400公尺有傳統粄條店、各式美食、早餐店、未來農會、全聯，全聯对面有私人經營的摩托車、腳踏車租借。美濃米特殊的芋頭香，全國95%的水蓮來自美濃，冬季有白玉蘿蔔、橙蜜小番茄等特産，大受旅人鍾愛。美濃靈山、雙峰山、月光山受登山客喜愛，距離民宿1公里。,高雄市美濃區雙峰街8之18號,886-936-796516,nan,120.541316,22.904855,2800,4800
12003,好日子民宿,位於高雄市的民宿,高雄市新興區南台路91-4號,886-7-3645271,nan,120.299302,22.632609,2400,4800
12019,塩˙泊思行旅,HOTEL LAGOM 以中庸之道為自在生活的精神，不求極簡或奢華，追求剛剛好的平衡點，擁有飯店應有的規格，同時又有B&B般的親切服務。住進HOTEL LAGOM的生活探險家們(Explorer)，可在公共空間找到剛好屬於自己的角落，享受一個人的時光抑或是展開與他人的交流。HOTEL YAM 塩旅社，可追溯於過去鹽埕區的歷史，於1908年高雄港落成後，成為當時高雄最繁榮的地方，隨時代的演進物換星移，現今可轉為高雄市的老城區，無論文化或在地老店可依舊屹立不搖，連在地高雄人都愛這鹽埕味。因此採「塩」的台語讀音來命名，也恰是「蕃薯」的英文，象徵台灣這塊土地，歡迎無論來自台灣或國外的人們，落腳於此一起探索高雄鹽埕。2020年10月，HOTEL YAM正式與泊思品牌合作，以HOTEL YAM LAGOM 塩．泊思旅宿展開新的旅程，不變的是渴望分享老鹽埕的初衷，但以更舒適自在的服務來款待每位生活探險家們。,高雄市鹽埕區七賢三路58號3樓~12樓,886-7-5517066,http://www.hotellagom.com.tw/,120.280756,22.623157,6800,9200
12073,天子閣飯店,本飯店為一棟坐落於鹽埕區全新落成的飯店，備有一百多間客房一間餐廳，同時提供獨特的服務態度與精神--低調、沉穩、內斂、細緻。,高雄市鹽埕區七賢三路128號,886-7-5328899,https://www.tenz-gohotel.com/tw/index.html,120.284899,22.624358,8060,14040
12222,風起文旅會館,位於高雄市的民宿,高雄市旗山區旗南一路30號二樓之1、2、3及三樓之1、2,886-981-999529,nan,120.482037,22.888069,5200,7800
12231,棚棚屋,位於高雄市的民宿,高雄市苓雅區苓中路28號,886-985-129568,https://booking.owlting.com/%E6%A3%9A%E6%A3%9A%E5%B1%8B?start=2021-12-17&amp;end=2021-12-18&amp;lang=zh_TW&amp;adult=2&amp;child=0&amp;infant=0,120.29524,22.613574,6000,8000
12310,江舟商店,位於高雄市的民宿,高雄市左營區建業新村50-3號,886-903-003452,nan,120.289677,22.694689,1500,1500
12407,美濃客家庄,位於高雄市的民宿,高雄市美濃區中興路二段45號,886-7-6810800,nan,120.522693,22.886369,2500,2500
12429,六合益萱民宿,位於高雄市的民宿,高雄市新興區南台路91-1號,886-7-3645271,nan,120.299414,22.63265,1000,2000
12510,高雄洲際酒店,"高雄洲際酒店坐落於亞洲新灣區, 地理位置位於便捷的中華路與新光路上。酒店的豪華設施和專業與貼心的服務將替您下次的度假行程或商務之旅提供完美的體驗。 我們酒店距離小港國際機場8公里, 高雄火車站4公里, 毗鄰三多購物商圈, 高雄展覽館與著名的85大樓。 高雄洲際酒店擁有253間精緻客房及俯瞰美麗高雄港全景的豪華套房。我們靈活的2間宴會廳，將會是您婚宴會場的首選並將滿足您各種會議和宴會的需求。",高雄市前鎮區新光路33號1樓、3~16樓,886-7-3392111,https://ickaohsiung.com/,120.302857,22.611887,50000,250000
12539,杉菻行旅,位於高雄市的民宿,高雄市新興區新田路172巷25號,886-7-2817820,nan,120.301701,22.622568,2800,3800
12778,窩囊,位於高雄市的民宿,高雄市鳳山區高雄市鳳山區黃埔新村東二巷86號,886-7-7198576,nan,120.369117,22.626134,3000,3000
12954,High Fun旅店,位於高雄市的民宿,高雄市鳳山區高雄市鳳山區平等路3號,886-931-037393,nan,120.352587,22.625823,2500,3000
13010,溝頂民宿,位於高雄市的民宿,高雄市鹽埕區高雄市鹽埕區大公路70巷6-2號,886-932-828922,nan,120.283759,22.627677,2800,4000
13036,南喃至嶼,位於高雄市的民宿,高雄市新興區南華路101號,886-908-123720,nan,120.303163,22.632626,6800,9200
13055,餅弄,位於高雄市的民宿,高雄市鹽埕區高雄市鹽埕區府北里大有街45-1號,886-953-148922,nan,120.284857,22.62861,15000,15000
13143,大智帕雅泰生活館,位於高雄市的民宿,高雄市鹽埕區高雄市鹽埕區大智路89號,886-958-738919,nan,120.285472,22.621986,2500,2500
13156,承億酒店,"承億酒店提供208間多樣化景觀客房、5間主題餐廳、3間高空戶外景觀酒吧、全台唯一高空懸挑透明無邊際泳池、高空健身房、頂級SPA、書屋咖啡廳、雪茄酒藏館，並擁有可容納500人次的多功能宴會廳，為台灣首見城市度假酒店，提供旅人休憩城市觀光外，亦為兼具藝文展演、文化交流、城市閱讀的跨界混種空間。 承億酒店攜手米其林摘星主廚，結合在地風土的極致餐飲體驗，五間主題餐廳提供日夜不間斷的美食享受，結合台式的情熱服務，打造天際線上的頂級款待。酒店高樓絕美景觀，加上頂級酒吧與狂歡派對彷如白晝的夜生活，打造港都夜生活的風尚指標，歡迎來自世界各地的旅人一同與港都最美日落，揭開夜的序幕。Tai urban resort, more than your eyes can see.",高雄市前鎮區林森四路189號地上13樓、14樓、15樓、16至19樓、20樓、21樓、22樓及25樓,886-7-3333999,nan,120.302302,22.609249,7500,360000
13214,宜三弄旅宿,位於高雄市的旅館,高雄市新興區六合一路158號9樓之1,886-7-9713737,nan,120.303418,22.633074,4800,7200
13298,闆娘公寓,位於高雄市的民宿,高雄市鹽埕區高雄市鹽埕區五福四路63巷5號,886-925-706363,nan,120.286908,22.621543,6000,6000
13326,濃舍,位於高雄市的民宿,高雄市美濃區永安路390號,886-912-709109,nan,120.5342,22.901501,3600,5200
13335,月緹旅館,月緹旅館位於高雄市中心左營區，鄰近左營高鐵站，巨蛋捷運站，龍虎塔和瑞豐夜市．不僅交通方便，活動眾多，服務親切， 24個不同主題套房絕對能滿足您對旅宿放鬆的所有想像．期待您的光臨！,高雄市左營區新慶路20巷22號2至7樓,886-905-185599,nan,120.298309,22.669968,11000,11000
13446,Coca Luu,位於高雄市的民宿,高雄市鹽埕區高雄市鹽埕區富野路92號,886-983-928828,nan,120.283873,22.62854,6800,6800
13519,簡單狗,位於高雄市的民宿,高雄市鼓山區鼓山三路128-5號,886-980-765076,nan,120.27936,22.663558,4500,4500
13568,路科民宿,位於高雄市的民宿,高雄市茄萣區民族路176號,886-921-528211,nan,120.19341,22.87539,4000,6000
13569,黃金海岸民宿,位於高雄市的民宿,高雄市茄萣區民族路178號,886-978-645513,nan,120.193378,22.875255,4000,6000
13781,高雄港區-棧貳沐居,2018年由高雄港區土地開發股份有限公司接手整建的「棧貳庫 KW2」不僅以高雄港二號碼頭緣由命名，更盡可能保留百餘年來倉庫所遺留下來的元素，如磚牆、搖擺窗、力霸鋼筋屋架，原貌呈現老建築富含時代底藴與歲月痕跡的簡約美感。棧貳庫五周年，攜手MUJI RENOVATION空間改造企劃團隊，打造臺灣首座歷史建築倉庫旅宿「棧貳沐居KW2 HOSTEL」，以「大人的秘密基地」為發想概念，透過空間改造活化提升「三感一力」歷史感、國際感、價值感與創造力，帶動高雄港區觀光文創複合式體驗。在歷史建築內賦予「住宿」的新意義，眺望高雄港海景沐光而眠，享受慢活旅行步調，以「不只是旅宿」的企劃方向，創造內容趣味性與話題性。,高雄市鼓山區蓬萊路17號2樓西側,886-7-5317568,https://www.kw2.com.tw/,120.277009,22.619,1000,9800
13794,濃杉小築,位於高雄市的民宿,高雄市美濃區中山路二段632巷35號,886-936-848860,nan,120.512451,22.895111,5000,5000
13796,溫式旅所,位於高雄市的民宿,高雄市新興區民主橫路9號,886-935-867339,nan,120.301233,22.633122,3600,7000
13907,自由宿-鹽埕館,位於高雄市的民宿,高雄市鹽埕區光榮街37巷1號,886-985-787955,nan,120.284251,22.621521,8000,8000
13939,銘樹民宿,位於高雄市的民宿,高雄市林園區王公路296號,886-979-890777,nan,120.387513,22.5073,4000,4000
13976,福容徠旅 高雄,位於高雄市的旅館,高雄市前金區永恆街3號6至14樓,886-7-2156688,https://www.fullon-hotels.com.tw/fullon-poshtels/kh/tw/,120.294534,22.629754,3080,28600
14041,圈叉行旅,位於高雄市的民宿,高雄市鹽埕區高雄市鹽埕區五福四路272號,886-968-300818,nan,120.280646,22.625288,3980,5980
14152,迎曦醉月主題民宿,具人文或歷史風貌之相關區域,高雄市鼓山區華泰路226號,886-966-558593,nan,120.29354,22.669667,4680,7980
14153,塩晨,位於高雄市的旅館,高雄市鹽埕區高雄市鹽埕區大公路29號,886-7-5319228,nan,120.284428,22.626678,5800,8000
14159,義旅舍,位於高雄市的民宿,高雄市新興區忠孝一路216號,886-7-2211218,nan,120.306034,22.628912,5000,7000
14215,NO.1899人文旅宿,位於高雄市的民宿,高雄市美濃區民族路18巷9-9號,886-932-795691,nan,120.5536,22.895554,9000,9500
14334,和沐.椿上東尚行館,位於高雄市的旅館,高雄市六龜區新寶31號,886-7-6883877,nan,120.654502,23.002619,6500,16500
